plot,regencount,oakcount,shrub_perc,aniso_TAO,anisotr_55to85,anisotr_85to95,anisotr_90to99,curv_55to85,curv_85to95,curv_90to99,curv_TAO,emin_55to85,emin_85to95,emin_90to99,emin_TAO,iqr_55to85,iqr_85to95,iqr_90to99,iqr95_55to85,iqr95_85to95,iqr95_90to99,lin_TAO,linear_55to85,linear_85to95,linear_90to99,p25_85to95,p25_90to99,p75_55to85,p75_85to95,p75_90to99,p95_55to85,p95_85to95,p95_90to99,plan_TAO,planar_55to85,planar_85to95,planar_90to99,rumple_55to85,rumple_85to95,rumple_90to99,spher_TAO,sphere_55to85,sphere_85to95,sphere_90to99,taos_55to85,taos_85to95,taos_90to99,zmean_55to85,zmean_85to95,zmean_90to99,p25_55to85,zsd_55to85,zsd_85to95,zsd_90to99,junendvi,junendir,octndvi,octndir,seasDiff_ndvi,seasDiff_ndir
DRI1603,0,0,0.6,1.34104598,0.997386098,0.99861294,0.990765154,0.001683765,0.000966756,0.006487262,0.04042724,0.000778064,0.000765469,0.003322518,0.018821504,0.059999999,0.050000001,0.090000004,0.090000004,0.085000001,0.210000008,0.682251158,0.463553041,0.584141374,0.664545894,0.230000004,0.284999996,0.170000002,0.280000001,0.375,0.200000003,0.314999998,0.495000005,0.658794823,0.533833086,0.414471537,0.32621932,1.016093254,1.006519079,1.029904962,0.064017339,0.002613889,0.001387051,0.009234841,0,0,0,0.139766157,0.259687126,0.339816868,0.109999999,0.030848524,0.029075369,0.0721329,0.116368897,0.281828761,0.018089,0.537329316,0.098279897,-0.255500555
GP083,4,0,0.25,2.875460083,0.996184856,0.995440963,0.985869869,0.002440952,0.003088873,0.009401274,0.074299219,0.001367342,0.00187436,0.003758316,0.040576104,0.074197532,0.084444447,0.131728396,0.123703702,0.130740742,0.290617286,1.372413918,0.458359428,0.571326578,0.576198059,0.268765425,0.361358038,0.161111115,0.353209873,0.493086421,0.210617285,0.399506178,0.65197532,1.503046165,0.537825427,0.424114405,0.40967184,1.018309375,1.014785081,1.023573515,0.112194222,0.003815143,0.004559021,0.014130104,0,0,0,0.126801097,0.314587557,0.439919398,0.086913578,0.043633054,0.050280285,0.100752077,0.061953597,0.25411278,0.001120297,0.608507156,0.0608333,-0.354394376
GP094,0,0,0.25,0,0.998360898,0.999096674,0.994360116,0.001047935,0.000621947,0.003674102,0,0.000586738,0.000576947,0.001839622,0,0.046533333,0.045866667,0.077066666,0.071999999,0.067333333,0.163846669,0,0.436573321,0.58211362,0.539366691,0.166266672,0.212133336,0.109733331,0.212133336,0.289200011,0.135200003,0.2336,0.37598,0,0.56178759,0.416983049,0.454993411,1.008491974,1.003907806,1.009560159,0,0.00163909,0.000903309,0.005639883,0,0,0,0.088849225,0.188608449,0.257007403,0.0632,0.026286771,0.024610403,0.056268816,0.078827515,0.215174869,0.04582632,0.563235521,0.033001196,-0.348060653
HS017,34,0,0,17.66847904,0.782859796,0.759312608,0.749621741,0.117388627,0.131530934,0.13539887,1.460535011,0.04419327,0.049170982,0.046776693,0.563399974,2.457948636,1.404166634,1.329743563,3.292820558,1.994359029,2.095307693,9.428644755,0.453365731,0.475772038,0.461485299,8.042115603,9.396410526,6.522563916,9.446282142,10.72615357,7.357436253,10.03647442,11.49171807,8.239834223,0.329494065,0.2835406,0.288136468,4.182837584,1.999283094,2.142939164,2.613572882,0.217140203,0.240687364,0.250378233,27.51282051,16.65384615,7.602564103,5.244864053,8.779428714,10.10586751,4.064615484,1.52417689,0.79285485,0.811708976,0.086270116,0.245045483,0.244914517,0.264272541,-0.158644401,-0.019227058
HS051,0,0,0.25,2.162141775,0.999662558,0.999702032,0.973266558,0.000204628,0.000195072,0.015531785,0.098293679,0.000220859,0.000544791,0.023486035,0.05167681,0.022307692,0.027435897,0.09397436,0.03628205,0.047179487,0.619025635,1.220764668,0.357988201,0.465228401,0.539786838,0.126025639,0.153461539,0.089743592,0.153461539,0.2474359,0.103717948,0.173205132,0.772487164,0.941377137,0.641674376,0.534473661,0.433479746,1.002387449,1.001492642,1.046478547,0.158371059,0.000337437,0.00029795,0.026733429,0,0,0.974358974,0.077813368,0.142602795,0.297095871,0.067435898,0.015380826,0.01643621,0.270518775,0.076094925,0.231421739,0.143978313,0.349548578,-0.067883387,-0.118126839
HS096,0,0,0.75,0.573622416,0.999034746,0.989511196,0.971462599,0.000591166,0.006044666,0.016380946,0.045345133,0.00033903,0.003679686,0.007639194,0.017523551,0.029230769,0.044599357,0.261923078,0.048653847,0.148589748,0.356878203,0.316502048,0.393428863,0.489889206,0.528372068,0.10955128,0.150256409,0.066858974,0.154150643,0.412179477,0.086282053,0.258141024,0.507134619,0.257120342,0.605605908,0.499621973,0.443090531,1.00511671,1.018070617,1.058060909,0.080223757,0.000965255,0.010488819,0.028537396,0,0,0,0.05588076,0.145892791,0.295016724,0.037628204,0.016144531,0.051754209,0.138514298,0.052956406,0.23949568,0.084192932,0.244088575,-0.031236526,-0.004592896
HS1002,0,0,0.85,1.57620915,0.954004216,0.96265373,0.914213774,0.028752585,0.023765862,0.050985042,0.112062835,0.002440364,0.002375035,0.004917413,0.017856507,0.125189874,0.113797466,0.190411391,0.200632907,0.174810125,0.634126576,0.765499499,0.490009243,0.529091584,0.487291726,0.627974696,0.739082285,0.480759481,0.741772156,0.929493655,0.556202534,0.802784822,1.373208825,0.810709714,0.463994968,0.433562126,0.426922061,1.124403198,1.051002035,1.12280837,0.195942706,0.045995789,0.037346271,0.085786219,0,0,1.544303797,0.420333071,0.685390012,0.884806914,0.355569615,0.075599013,0.067567319,0.264367725,0.228552982,0.297788173,-0.013234533,0.633543134,0.241787516,-0.335754961
HS1005,1,0,0.75,8.648613299,0.895478568,0.910509177,0.895940357,0.061102445,0.052621529,0.059141913,0.634854766,0.004706073,0.004627369,0.004780917,0.059062697,0.26392406,0.475443022,0.53189874,0.431898733,0.675822798,0.843037987,4.445174086,0.447051131,0.457558206,0.405333822,1.281772116,1.731012622,0.904936734,1.757215236,2.262911329,1.072911427,1.957594911,2.57405071,4.20343881,0.448427433,0.452950923,0.490606536,1.259219997,1.151066036,1.192934733,1.09822212,0.104521421,0.089490831,0.104059658,0,15.26582278,8.594936709,0.781917472,1.52579297,2.009592717,0.641012649,0.162628319,0.263105922,0.322993248,0.13207145,0.240982056,-0.007052399,0.652121007,0.139123849,-0.411138952
HS1008,4,0,0.9,1.816406499,0.930237164,0.936332077,0.883821737,0.042769258,0.039479461,0.06731116,0.220542371,0.004049228,0.004075317,0.008037553,0.025717192,0.164487183,0.150897436,0.974807698,0.252179484,0.251282045,2.018461524,1.028162282,0.47949374,0.527347996,0.500037093,0.964871807,1.109871763,0.786410258,1.115769198,2.084679527,0.874102544,1.216153836,3.128333274,0.788244141,0.450743439,0.408984093,0.383784644,1.179467467,1.075692207,1.327327097,0.388721752,0.069762834,0.063667906,0.116178256,0,0,3.512820513,0.707121412,1.044084936,1.613204637,0.621923078,0.095529579,0.09576922,0.712628695,0.143374711,0.239575937,0.005959757,0.665272474,0.137414955,-0.425696537
HS1026,0,0,0.4,3.839496368,0.89366072,0.916337404,0.887303585,0.063067894,0.051629483,0.066620993,0.349495926,0.006184975,0.005863754,0.006277142,0.03363331,0.267530871,0.421234566,0.449382732,0.418024679,0.586790126,0.800222208,2.150346391,0.478953775,0.52821869,0.494542336,1.005432085,1.419012374,0.617160504,1.426666676,1.868395069,0.767654316,1.592222223,2.219234596,1.689150176,0.414706944,0.388118735,0.39276125,1.282983783,1.215753134,1.342737454,0.592602261,0.10633927,0.083662573,0.112696408,0,0.395061728,0.543209877,0.490970951,1.217714149,1.657309774,0.349629631,0.156091824,0.246382791,0.29575899,0.063088603,0.159188956,-0.005716319,0.556972206,0.068804922,-0.39778325
HS1150,0,0,0.65,9.154265517,0.87381405,0.87294481,0.865911426,0.073656436,0.074174146,0.077380133,0.894975837,0.008175888,0.009619399,0.010514331,0.129975186,0.306052634,0.508125013,3.071315795,0.515526309,1.787434216,4.082453954,5.399530116,0.478460482,0.50939088,0.485674631,1.220526316,1.677105226,0.804999982,1.72865129,4.748420951,1.014473689,3.007960547,5.759559142,3.754735206,0.395353582,0.363553924,0.380236791,1.368397286,1.371301576,1.904906536,1.556260959,0.126185948,0.127055197,0.134088583,1.907894737,4.934210526,8.263157895,0.662260685,1.610027086,3.225451396,0.498947365,0.189896518,0.594352331,1.541958142,0.147637129,0.236338317,0.027687449,0.591865897,0.11994968,-0.35552758
HS1198,1,0,1,2.845337007,0.936149425,0.945329357,0.890777678,0.039608543,0.03430105,0.064251158,0.295779652,0.003441005,0.003410396,0.005332912,0.026428949,0.145500004,0.134625001,0.211374995,0.217374999,0.212625001,0.434500001,1.609818875,0.492094822,0.529555941,0.492465688,0.782874998,0.917499992,0.633375014,0.917499992,1.128874975,0.705250008,0.995499981,1.351999983,1.235518126,0.44405461,0.415773407,0.398311988,1.166471802,1.060616474,1.097741793,0.517162995,0.063850571,0.054670637,0.109222339,0,0,0.4375,0.562614592,0.854965344,1.040265582,0.487874993,0.08291408,0.079761068,0.153698908,0.138065085,0.228798956,-0.013728083,0.68182385,0.151793168,-0.453024894
HS1201,0,0,0,0,0.998301591,0.998002848,0.973255741,0.001035763,0.001308642,0.017619729,0,0.000839665,0.001920776,0.0120158,0,0.043246752,0.073051949,0.200259737,0.074935065,0.126038958,0.456857131,0,0.363705341,0.486888324,0.542129318,0.25474026,0.328181813,0.171688314,0.327792202,0.528441549,0.203376626,0.380779225,0.785038969,0,0.634596255,0.51111452,0.431126453,1.012258075,1.011101569,1.043485002,0,0.001698425,0.001997146,0.02674424,0,0,0,0.150613436,0.291756003,0.449423536,0.128441554,0.031012675,0.047735953,0.159779803,0.033799957,0.126619756,-0.006406632,0.508771837,0.040206589,-0.382152081
HS1202,0,0,0.1,4.353358073,0.978909804,0.980604514,0.954702854,0.012702984,0.012437336,0.028360837,0.615767085,0.005362229,0.006940131,0.013156877,0.239170602,0.116410259,0.131153844,0.210448723,0.19692308,0.208589745,0.407051281,2.657441237,0.452717294,0.566469016,0.584322817,0.42397436,0.55000001,0.272820514,0.555128211,0.760448717,0.35333333,0.632564101,0.957051276,1.695916854,0.526192535,0.414135505,0.370380052,1.0767148,1.039410223,1.068308957,1.121000936,0.021090187,0.0193955,0.045297132,0,0,2.102564103,0.217418747,0.4940702,0.669222567,0.156410257,0.071277234,0.078252582,0.140969833,0.019724816,0.148289844,-0.007153533,0.679889619,0.026878349,-0.531599775
HS1203,85,0,0,16.84881163,0.928493565,0.935774061,0.851961694,0.043003254,0.039774906,0.08690184,2.294764888,0.018795498,0.023858868,0.043246912,0.908996308,0.274406245,0.308812503,0.455484378,0.463218743,0.4695,0.934221892,11.14814442,0.462291536,0.541129375,0.578088909,0.939062517,1.231812491,0.550749982,1.247874955,1.687296864,0.739562492,1.408562489,2.166034311,5.700665659,0.466202019,0.394644674,0.273872814,1.250329508,1.127429631,1.217942628,4.007439719,0.071506449,0.06422592,0.148038279,0,0,7.625,0.426100861,1.09623051,1.496624808,0.276343758,0.17160066,0.182055347,0.329491815,0.08825551,0.194626763,0.034242909,0.645131767,0.0540126,-0.450505003
HS1204,13,0,0,3.063720977,0.98804527,0.980482773,0.909246489,0.007418885,0.013181845,0.054297791,0.449058152,0.004600671,0.014343471,0.040282812,0.276691291,0.102820515,0.202147431,0.483461517,0.182692305,0.399615387,0.838615366,2.086761976,0.433783537,0.557673886,0.545257245,0.370384616,0.557948705,0.213076924,0.572532042,1.041410279,0.292948718,0.769999982,1.396564112,0.976958996,0.554261726,0.422808899,0.363989221,1.046520524,1.056635475,1.133748829,0.808073863,0.011954728,0.01951724,0.090753529,0,0,0,0.164683043,0.485065193,0.83287465,0.110256411,0.066227378,0.141152464,0.302258634,0.035122331,0.179254442,0.002838375,0.62949419,0.032283957,-0.450239748
HS1208,10,0,0,0.478000184,0.990064565,0.995708791,0.981471566,0.006286424,0.00296044,0.012541228,0.038671438,0.00418747,0.003979811,0.01035652,0.02162184,0.115632916,0.107151899,0.180205701,0.187151899,0.172974686,0.325844935,0.269596964,0.43688181,0.546576765,0.593027249,0.449367094,0.55873418,0.313164559,0.556518994,0.738939893,0.384683551,0.622341791,0.884579131,0.208403204,0.553182771,0.449132017,0.388444342,1.047571971,1.019470831,1.04074984,0.066303622,0.009935425,0.004291201,0.018528429,0,0,0,0.260210484,0.50572599,0.660734899,0.197531644,0.069026552,0.063967421,0.118573081,0.067654103,0.233397529,-0.009290838,0.578769565,0.076944941,-0.345372036
HS1210,0,0,0,5.783883634,0.997349259,0.989513675,0.914180767,0.001619277,0.006610594,0.049053047,0.355244675,0.001292779,0.007280592,0.043245233,0.451671024,0.0525,0.139671056,1.308223707,0.116578948,0.603269724,3.443295981,4.080256349,0.355960463,0.526738711,0.555928991,0.304210532,0.434407899,0.16013158,0.443881593,1.742631613,0.224210531,0.907480264,3.877703871,1.703627147,0.641388799,0.462774956,0.358251775,1.015585623,1.055551607,1.304592962,0.637169131,0.002650756,0.010486328,0.085819243,0.092105263,0.789473684,2.986842105,0.139377768,0.405759304,1.321297806,0.107631579,0.039253763,0.180902919,1.203676084,0.074864477,0.147185713,0.028636046,0.488682508,0.046228431,-0.341496795
HS1211,160,0,0,22.13276551,0.907511477,0.952114144,0.888958609,0.055004212,0.031497591,0.067094728,2.855888727,0.023265881,0.018776502,0.033970676,1.053911326,0.388312484,0.272578131,0.374296869,0.588849996,0.412499994,0.701471875,13.89938365,0.472123522,0.569176977,0.587930943,1.225999945,1.489687531,0.844687506,1.49857816,1.863984391,1.045225018,1.638500029,2.19115947,8.233382559,0.435387971,0.382937162,0.301027619,1.340599909,1.116741848,1.175035676,5.085984027,0.0924885,0.047885855,0.11104142,0,0,16.975,0.653836025,1.366284555,1.696357918,0.45637501,0.226262267,0.159892137,0.250467608,0.076869972,0.210776716,0.041947834,0.657621622,0.034922138,-0.446844906
HS1212,160,0,0,5.790952557,0.940388865,0.97651792,0.93782728,0.036458799,0.015658202,0.039299871,0.797524435,0.020927656,0.012874514,0.025215403,0.45142812,0.328942306,0.224743593,0.303846158,0.50448717,0.337942303,0.544532056,3.779436918,0.458251169,0.569384171,0.564122805,0.93538462,1.149230763,0.610608982,1.160128188,1.45307693,0.786153846,1.273326912,1.693762811,2.011515732,0.482137672,0.407133778,0.373704478,1.218792376,1.066005172,1.095985408,1.414175685,0.059611155,0.023482076,0.062172718,0,0,1.423076923,0.454279116,1.050955856,1.315782616,0.281666664,0.1927948,0.132713813,0.200463075,0.05963796,0.181781635,0.024073672,0.619394839,0.035564288,-0.437613204
HS1214,5,0,0,1.38628186,0.986281622,0.979777909,0.955425103,0.008640194,0.01368608,0.028132626,0.19749726,0.004747254,0.011681141,0.020644767,0.104770998,0.128148147,0.194907408,0.308271614,0.22629629,0.314722234,0.531654308,0.930457784,0.459051474,0.593724406,0.602237764,0.455462966,0.641049384,0.221728398,0.65037037,0.949320976,0.319876539,0.770185174,1.172703739,0.455824127,0.527230144,0.386053503,0.353187347,1.052902987,1.057603614,1.096137104,0.342113172,0.013718389,0.020222079,0.044574904,0,0,0,0.162824539,0.556013621,0.809526489,0.093580246,0.079599714,0.121690936,0.191705743,0.019837487,0.162376285,-0.002440544,0.638454199,0.022278032,-0.476077914
HS1215,48,0,0,3.891695935,0.962397058,0.978080095,0.924264881,0.023465446,0.014619538,0.046448258,0.676223745,0.008687738,0.008749991,0.023401444,0.233246625,0.199999998,0.174312503,0.318312491,0.30775001,0.295624997,0.612937497,2.281271271,0.470213302,0.58035311,0.569847977,0.679875016,0.850249992,0.468999999,0.854187489,1.168562514,0.576749998,0.975500015,1.463187474,1.610424666,0.492183754,0.397726955,0.354416904,1.128362367,1.053401452,1.137576577,1.308304002,0.037602938,0.021919922,0.075735131,0,0,0,0.374199335,0.771335961,1.029321788,0.268999998,0.117281623,0.107451059,0.217169242,0.089822881,0.224938571,-0.004351125,0.661640286,0.094174006,-0.436701715
HS1239,1,0,0.9,2.722887949,0.942903408,0.959314353,0.909315992,0.035519584,0.026226552,0.054292097,0.282193024,0.003388826,0.002949172,0.00552783,0.036067817,0.134210527,0.116973683,0.20828947,0.213289476,0.188157895,0.431953937,1.523103241,0.490695841,0.55474543,0.502264555,0.751052625,0.861973675,0.600131574,0.8680263,1.070263129,0.679210505,0.939210526,1.293927655,1.199784733,0.452207572,0.404568931,0.407051436,1.151351932,1.05198671,1.094870277,0.487638365,0.057096585,0.040685639,0.090684007,0,0,0.210526316,0.535561609,0.81297148,0.985027755,0.465921051,0.082371338,0.070366244,0.151362028,0.194773778,0.250692278,-0.026925562,0.689006627,0.22169934,-0.438314348
HS1302,1,0,0.7,4.138952494,0.920441402,0.927165902,0.875242291,0.048627104,0.045072046,0.072440371,0.455609765,0.004497741,0.004863704,0.007846847,0.052456825,0.169113923,0.172151903,0.323037981,0.272784806,0.276455697,0.676582291,2.244202898,0.494945186,0.534120007,0.493736281,0.730632922,0.895316443,0.51835443,0.902784807,1.218354414,0.622025324,1.00708861,1.571898743,1.894749566,0.425496222,0.393045906,0.381506004,1.212256678,1.088572716,1.151448737,0.810414643,0.079558585,0.072834092,0.124757708,0,0,0,0.437090649,0.82119216,1.081649763,0.349240511,0.103876399,0.103295068,0.231526677,0.080269001,0.147092953,-0.020117218,0.661964238,0.100386219,-0.514871284
HS1319,2,0,1,4.450189114,0.913737297,0.925758719,0.90561229,0.051887028,0.045918554,0.055670831,0.324153066,0.004756484,0.004075184,0.004580577,0.077769399,0.230000004,0.170000002,0.219999999,0.349999994,0.25,0.389999986,2.921234608,0.47377646,0.51280731,0.45724526,1.179999948,1.340000033,0.930000007,1.350000024,1.559999943,1.049999952,1.429999948,1.730000019,1.528954625,0.439960837,0.41295141,0.448367029,1.220122695,1.073769212,1.066729426,0.549810886,0.086262688,0.07424131,0.094387718,0,0,0,0.816774845,1.266070247,1.457263589,0.699999988,0.134567335,0.099869475,0.141091645,0.203872398,0.263551921,0.064816132,0.625890374,0.139056265,-0.362338454
HS1347,0,0,0.8,7.45126123,0.898002345,0.908473786,0.875853572,0.06108253,0.056799725,0.072988291,0.646415457,0.006073779,0.006211664,0.007175992,0.068920368,0.197500003,0.224375004,0.391250005,0.333750003,0.341874994,0.754999992,4.051206045,0.490758903,0.559152093,0.49172462,0.97750001,1.192500036,0.713750027,1.201875027,1.583750017,0.850000013,1.319375031,1.947500028,3.400054965,0.407243412,0.349321721,0.384128952,1.25357791,1.103303477,1.143877596,1.11123888,0.101997678,0.091526205,0.124146421,0,0,9.375,0.622109056,1.092214964,1.408638768,0.516249983,0.125072428,0.130755375,0.265101097,0.138746262,0.200781971,-0.026983019,0.689472914,0.165729281,-0.488690943
HS168,28,0,0.3,0.032575837,0.989945127,0.992037812,0.97999802,0.006556208,0.005250668,0.013243482,0.003531341,0.002877669,0.00338345,0.00665756,0.001450527,0.109615384,0.11076923,0.177259624,0.171153847,0.176346164,0.276875008,0.024631663,0.491779813,0.541238691,0.545767078,0.444423068,0.554086571,0.3176923,0.555192312,0.731346172,0.379230766,0.620769237,0.83096153,0.007944174,0.498165314,0.450799069,0.434230937,1.045990518,1.026070581,1.041348439,0.005885702,0.010054869,0.007962202,0.020001994,0,0,0,0.264805779,0.503146247,0.646798968,0.208076917,0.063712714,0.067612066,0.104913675,0.120052479,0.286021292,0.014677645,0.575995266,0.105374835,-0.289973974
HS300,2,0,0.55,2.557505892,0.991110589,0.991197215,0.951246185,0.005657359,0.006047,0.029721313,0.19754112,0.0027443,0.004479337,0.019365356,0.080103336,0.09820513,0.125384618,0.271891028,0.157435901,0.210115392,0.817173065,1.387732332,0.453473243,0.575184906,0.588406292,0.400769232,0.525897419,0.273333339,0.526153856,0.797788467,0.332564109,0.610884636,1.343070525,1.169773577,0.537637358,0.416012338,0.362839894,1.042158206,1.029714911,1.101740684,0.339929937,0.008889404,0.008802776,0.048753817,0,0,2.833333333,0.225985302,0.468130038,0.717893552,0.175128203,0.058681915,0.076275158,0.273032539,0.065330654,0.247905731,0.084844247,0.337300062,-0.019513592,-0.089394331
HS342,50,0,0,3.932419465,0.944546319,0.896060334,0.854068453,0.032440465,0.059877657,0.082417625,0.346472403,0.008834528,0.012510757,0.02086672,0.076878958,0.133076922,0.354615386,1.278076956,0.537692292,0.59076923,2.141307702,2.177656412,0.449761955,0.512903658,0.493224135,1.043846188,1.379230738,0.2923077,1.398461512,2.657307717,0.696923089,1.634615375,3.520538513,1.754762906,0.494784387,0.383156694,0.360844319,1.224798597,1.168959618,1.489148048,0.606042197,0.05545368,0.103939666,0.145931558,0,5.230769231,4.846153846,0.265744867,1.229882476,2.067284988,0.159230769,0.170049314,0.225131668,0.996301523,0.055774093,0.222777396,0.114356451,0.201286837,-0.058582358,0.021490559
HS368,0,0,0.15,6.701471853,0.995956707,0.92546877,0.855715472,0.002570961,0.044092544,0.082016624,0.50762227,0.000637695,0.017882574,0.023003588,0.097915766,0.044999999,0.217000003,1.130874954,0.077250001,0.795149992,1.451025024,3.679255724,0.437176281,0.544164947,0.505645334,0.219000002,0.42100001,0.138999997,0.435999995,1.551875,0.171249996,1.014149992,1.872024956,3.022215965,0.558780453,0.381303822,0.350070129,1.022712213,1.164079356,1.345458886,0.873528226,0.004043272,0.074531211,0.144284518,0,0,2.75,0.117874736,0.389860836,1.026309817,0.094000002,0.027070532,0.250978313,0.567635243,0.012252931,0.209946111,0.143267095,0.192360461,-0.131014165,0.01758565
HS396,4,0,0.45,0.741934092,0.971201171,0.989789681,0.976014661,0.01831658,0.006801891,0.015357785,0.071177043,0.006442718,0.002827306,0.007156414,0.030367689,0.233246747,0.114285712,0.142824674,0.355454551,0.164155846,0.355499991,0.42658338,0.493947454,0.56412736,0.54681174,0.660779228,0.774155848,0.448311687,0.775064938,0.916980523,0.570519468,0.824935088,1.129655826,0.31535069,0.47725372,0.425662358,0.429202886,1.101901654,1.02038203,1.041644666,0.128195779,0.02879884,0.0102103,0.023985324,0,0,0,0.338807519,0.71941975,0.866812235,0.215064939,0.132673978,0.066239181,0.122731693,0.136997804,0.296100289,0.012190706,0.596400976,0.124807098,-0.300300688
HS454,5,0,0.6,4.824055445,0.995472335,0.994234779,0.952267609,0.002877999,0.004162126,0.029677861,0.228979641,0.001591492,0.003199295,0.024015797,0.095331783,0.072531644,0.104556962,0.245189876,0.122151894,0.17337975,1.114164572,2.553875268,0.435543428,0.622308215,0.64547259,0.297468354,0.397151892,0.188227855,0.402025305,0.642341753,0.237848099,0.470848104,1.51131648,2.270180119,0.559928908,0.371926535,0.306795048,1.027349813,1.023275697,1.159285846,0.378476376,0.004527658,0.005765231,0.047732387,0,0,2.430379747,0.152854238,0.351287153,0.615565204,0.115696201,0.044873374,0.06291513,0.399159155,0.065656796,0.247401252,0.095589988,0.405528188,-0.029933192,-0.158126935
HS475,0,0,0.75,1.556582365,0.970976622,0.987150854,0.973732552,0.018179649,0.008397377,0.016479007,0.089009998,0.005606966,0.003375376,0.00497153,0.02794452,0.239871795,0.12705128,0.198141023,0.353076935,0.207948719,0.317692318,0.779919857,0.457777447,0.528792534,0.460385994,1.312564138,1.439102615,1.112307686,1.439615435,1.637243595,1.225512822,1.520512799,1.756794881,0.776662509,0.513199185,0.45835829,0.51334656,1.09033054,1.025867186,1.035070743,0.148545848,0.029023374,0.012849167,0.026267455,0,0,1.128205128,0.994862535,1.379763674,1.542877786,0.872435893,0.141745841,0.078440527,0.120263971,0.252989411,0.385500669,0.019077422,0.517066419,0.233911989,-0.13156575
HS483,0,0,0.5,0.973148317,0.986527145,0.979295463,0.968667853,0.008547378,0.014020964,0.020255468,0.039672477,0.003625794,0.006582276,0.007293927,0.018386823,0.125000003,0.168525641,0.238205125,0.2160641,0.266153842,0.389198724,0.557341438,0.481378754,0.588752887,0.521112417,0.527371786,0.692852575,0.318205125,0.695897432,0.931057672,0.409269232,0.793525655,1.082051257,0.415806898,0.505148379,0.390542606,0.447555476,1.046261479,1.035529296,1.046129804,0.065313211,0.01347286,0.02070453,0.031332122,0,0,0,0.259661295,0.614453106,0.820673956,0.193205132,0.078670261,0.102151662,0.147346144,0.112672292,0.267808169,0.034848332,0.432934612,0.077823959,-0.165126443
HS501,0,0,0.8,1.537470845,0.976751508,0.986953536,0.977777261,0.014772141,0.008128421,0.014009944,0.141404118,0.006648565,0.004915271,0.006932212,0.081484016,0.19659091,0.13038961,0.18655844,0.315844158,0.195974032,0.341636364,0.930921397,0.510237455,0.611483598,0.579294215,0.962727273,1.091753261,0.752824703,1.09311691,1.278311695,0.872077933,1.158701277,1.433389648,0.606549486,0.466514052,0.375469938,0.398482993,1.075247842,1.036227378,1.07472142,0.241749916,0.023248494,0.013046473,0.022222758,0.974025974,0.857142857,0.545454545,0.65578664,1.02975283,1.196088376,0.556233775,0.127334383,0.075531867,0.124145762,0.260049254,0.364630163,0.016587773,0.615682781,0.24346148,-0.251052618
HS700,6,0,0.15,6.108473689,0.98347611,0.910818713,0.840373443,0.009990601,0.051533565,0.089564549,0.45640959,0.004509909,0.029302385,0.05222381,0.297217565,0.11801282,1.501987133,3.630945533,0.645012814,2.655131369,6.854410291,3.580542558,0.454288268,0.493032063,0.529067169,2.30467949,3.749807751,0.204294872,3.80666661,7.380753153,0.731294883,4.959810899,10.60421837,2.527930844,0.529187881,0.417786623,0.311306297,1.144975435,2.335426865,3.678589847,0.814603407,0.016523894,0.08918132,0.159626545,1.506410256,6.557692308,6.621794872,0.194571044,3.075485848,5.740070664,0.086282052,0.24086456,1.044030993,2.460826849,-0.011395493,0.161973014,0.019972259,0.659449816,-0.031367752,-0.497476801
HS701,5,0,0.75,6.230351381,0.909820728,0.928014951,0.874914671,0.053836962,0.044737955,0.072884287,0.630067454,0.004725064,0.004327698,0.007640467,0.062763698,0.220256408,0.174615385,0.369102561,0.342307683,0.288717953,1.137435861,3.404819855,0.46652969,0.522986446,0.489069564,1.114102529,1.285640998,0.879230787,1.288717918,1.654743558,1.001282045,1.402820505,2.423076844,2.825531574,0.443291042,0.405028513,0.385845109,1.223991862,1.085909113,1.20684783,1.102982179,0.090179267,0.071985049,0.125085327,0,2.358974359,7.358974359,0.771512003,1.205954579,1.551998239,0.658974382,0.131334134,0.108847923,0.3766733,0.149468794,0.246179327,-0.001677537,0.645071268,0.151146331,-0.398891941
HS705,14,0,0.6,4.094005383,0.965566379,0.971669097,0.89978423,0.021282518,0.018320693,0.058202493,0.424012741,0.009061754,0.010115552,0.030406023,0.210656722,0.210897437,0.208846152,0.451794865,0.334615378,0.338846147,1.61947433,2.376647822,0.465608468,0.535523729,0.50499098,0.720128188,0.918974368,0.473846152,0.928974359,1.370769218,0.597564102,1.058974354,2.538448705,1.717357486,0.499957893,0.436145368,0.39479325,1.099220056,1.056926629,1.160545048,0.764969032,0.034433644,0.028330901,0.100215789,0,0,6.230769231,0.372262586,0.83473653,1.273524393,0.262948714,0.126911894,0.125213744,0.531004362,0.059962034,0.158949748,-0.003196181,0.593081355,0.063158216,-0.434131607
HS710,4,0,0.5,3.101244554,0.960867718,0.972520951,0.915498061,0.02464267,0.018393349,0.049685254,0.280300614,0.009734783,0.008491606,0.020596103,0.128857475,0.232051287,0.187435902,0.357179482,0.35641026,0.317160267,1.273589729,1.8023727,0.487561296,0.583077752,0.489026086,0.870000009,1.057435904,0.626410263,1.057435904,1.414615341,0.750769235,1.187160302,2.331025662,1.298871856,0.473306422,0.389443229,0.426471959,1.135930196,1.046000695,1.1278928,0.488499093,0.039132268,0.027479034,0.084501953,0,0,2.051282051,0.515749111,0.968433756,1.32147097,0.394358975,0.136910359,0.118392594,0.403663274,0.096331365,0.214307114,0.025083348,0.518942058,0.071248017,-0.304634944
HS711,3,0,0.95,5.831705608,0.929350376,0.920038939,0.881297145,0.042892445,0.048469914,0.068581298,0.442133176,0.004219549,0.005502666,0.009936448,0.0636553,0.176800002,0.232399999,0.907999992,0.297999997,0.434800007,2.472160001,3.140525742,0.473061547,0.507459087,0.487622738,0.85900001,1.077799993,0.620400007,1.091399984,1.985799961,0.741599996,1.293800035,3.549959888,2.691179867,0.45628881,0.412579856,0.393674409,1.178786907,1.104235334,1.305266604,0.76829437,0.070649647,0.079961072,0.118702853,0,0,7.08,0.538395386,0.989629416,1.672998505,0.443600008,0.110868369,0.156547471,0.823431358,0.181007832,0.218338773,0.003679255,0.550430775,0.177328577,-0.332092002
HS717,42,0,0.3,26.14812521,0.819129173,0.782759579,0.760564875,0.100231246,0.122011144,0.130630657,2.556037887,0.061341573,0.079771256,0.083833806,1.741357274,1.45271603,0.830370364,1.263518513,2.368969158,1.345833316,2.325518487,15.22733825,0.477097175,0.510587881,0.478917592,4.344320927,5.131666631,2.740617344,5.17469123,6.395185159,3.656870287,5.690154411,7.45718508,10.92078716,0.342032019,0.272171698,0.281647283,2.410535465,1.492410757,1.609916474,4.584385077,0.180870811,0.217240417,0.239435114,35.38683093,28.09465036,16.44855968,2.047359262,4.77280046,5.826176025,1.287901227,0.940837019,0.514632123,0.828312653,0.14826037,0.246971041,0.18470113,0.533497393,-0.03644076,-0.286526352
HS724,101,0,0,46.73528068,0.792366481,0.897921134,0.832657422,0.114190303,0.061164299,0.095479823,4.603662753,0.059085786,0.034900927,0.042115213,2.506411795,1.111645543,0.469177214,0.470094942,1.435936684,0.671835457,0.845113932,26.30762684,0.459183864,0.501979726,0.489946526,4.446360847,4.893797494,3.844936804,4.915537979,5.363892546,4.169227825,5.118196267,5.73891155,20.42765346,0.333182617,0.395941436,0.342710915,2.272591976,1.213146611,1.279786944,8.353327081,0.207633508,0.102078858,0.167342577,73.72151899,52.40506329,30.70886076,3.247505306,4.697794164,5.157956881,2.733291166,0.701788288,0.266318748,0.308792908,0.053607106,0.216232717,0.153935835,0.509138882,-0.100328729,-0.292906165
HS727,91,0,0.2,49.33305359,0.746288556,0.847998014,0.833566336,0.135833438,0.09097288,0.096703772,5.859972184,0.066927605,0.049169483,0.046933953,3.412164211,1.453653822,0.489807684,0.494423078,2.04692294,0.692884592,0.772153827,30.06508167,0.452877485,0.549814311,0.539002597,6.789615558,7.264422857,5.802499918,7.279423163,7.758846283,6.395769303,7.48249982,8.036576638,19.26797236,0.293411094,0.298183703,0.294563784,3.253681385,1.324994784,1.305688812,10.62848561,0.253711444,0.152001974,0.166433671,67.53846154,53.15384615,40.92307692,5.054787416,7.035657553,7.5191774,4.348845995,0.898519103,0.283968799,0.301551865,0.212380752,0.277484864,0.181785807,0.47909224,0.030594945,-0.201607376
HS728,87,0,0.1,36.74467287,0.844276963,0.823945626,0.792421536,0.08713676,0.100242483,0.114246328,2.895804482,0.051576578,0.052609861,0.054688863,1.442793036,2.069230764,0.572660265,0.815032042,2.870384608,0.856044888,1.350083321,19.89698608,0.486731107,0.503248944,0.480389277,3.839871783,4.386955139,2.563653807,4.412532076,5.201987242,3.364807673,4.695916555,5.737038533,16.84768715,0.357545833,0.320696679,0.312032271,2.82279261,1.293950911,1.437732032,5.236096015,0.155723043,0.176054405,0.207578452,52.3974359,40.79487179,26.56410256,1.708697406,4.131477157,4.812520541,0.494423087,1.119675793,0.341571117,0.502905572,0.076479331,0.214066327,0.186584815,0.499992102,-0.110105485,-0.285925776
HS731,91,0,0,54.9499795,0.780406524,0.929035658,0.872354975,0.119383743,0.044488707,0.075888119,5.547665477,0.057649805,0.025597936,0.036723873,2.718886673,1.015000014,0.312000003,0.401281258,1.350837496,0.473249999,0.722000004,29.80978045,0.447486216,0.513052924,0.514545198,5.068249893,5.372499907,4.503750122,5.380249834,5.773781407,4.839587426,5.541499925,6.094499826,25.14020181,0.332920295,0.415982763,0.357809748,2.295001155,1.156585833,1.195783195,10.20001919,0.219593475,0.07096433,0.127645031,83.175,62.125,42.05,3.948578352,5.231332624,5.594740593,3.488750017,0.668462794,0.183188812,0.261506929,0.148826212,0.251603574,0.214967996,0.428143114,-0.066141784,-0.17653954
HS733,55,0,0,24.62879333,0.953824878,0.85789226,0.815779898,0.027306498,0.08569994,0.105702529,1.594831395,0.019676337,0.086539936,0.074300637,1.237413687,0.289562508,2.225062469,0.998187548,0.97998746,2.686112422,1.476287425,14.09824982,0.46732671,0.567558968,0.497975616,1.972125065,4.148374796,0.4535,4.197187686,5.146562505,1.143924987,4.658237648,5.624662399,10.53054376,0.48649815,0.290333289,0.317804302,1.344867289,1.466296041,1.381692952,2.746206009,0.046175126,0.142107762,0.184220082,7.125,22.575,20.2,0.385115272,3.189401531,4.640496182,0.1639375,0.345673567,1.129638088,0.625247864,0.12553069,0.199189723,0.16038622,0.396665186,-0.03485553,-0.197475463
HS739,1,0,0.95,1.459600262,0.934791169,0.953924236,0.918654563,0.039922084,0.028842816,0.049028751,0.18457957,0.004592425,0.004150693,0.005985319,0.029444103,0.185576918,0.184487179,0.302211546,0.279423077,0.299551281,0.514016023,0.859549723,0.47738377,0.525632404,0.497120222,0.796346137,0.974807666,0.61224358,0.98083332,1.277019238,0.706089746,1.095897435,1.488823689,0.600050558,0.457407409,0.428291875,0.42153434,1.152969143,1.076467595,1.142236159,0.322451036,0.065208814,0.046075736,0.081345439,0,0.634615385,0.576923077,0.522036957,0.893506575,1.139002823,0.426666665,0.10757516,0.110942083,0.188241266,0.154030025,0.188694224,0.07198295,0.505484343,0.082047075,-0.316790119
HS741,42,0,0.5,22.14014351,0.891725063,0.875999533,0.810105244,0.062095457,0.073157369,0.107305347,1.954950538,0.048232607,0.064837412,0.078794601,1.73658713,1.943116669,2.023433357,1.204833326,2.353966571,2.52165335,2.039900001,14.44849735,0.512925615,0.554843984,0.503792625,3.790066766,5.733666693,3.015433342,5.813499902,6.938500036,3.42628311,6.311720066,7.773566449,7.691645975,0.378799421,0.321155526,0.306312647,2.105023408,1.523060357,1.614632115,3.386523603,0.108274944,0.124000494,0.189894749,23.32,22.72,18.72,2.15489695,4.786947406,6.335598329,1.072316661,1.050037979,1.060611237,0.884988811,0.060991615,0.21903035,0.136481181,0.545021236,-0.075489566,-0.325990885
HS742,15,0,0.75,19.23109198,0.907725061,0.832438477,0.802659055,0.052547388,0.093484316,0.109142726,1.963943995,0.02460882,0.043029077,0.047728348,0.930654739,0.934230747,1.064935898,1.696442366,1.445384654,1.700794885,2.660955168,11.50122082,0.47659642,0.498410016,0.494172734,2.203589792,3.182083275,1.196282021,3.268525579,4.878525517,1.707435875,3.904384579,5.843038316,7.7298709,0.431128644,0.334028466,0.308486322,1.761703957,1.632566207,1.828793706,3.486857082,0.09227495,0.167561524,0.197340945,17.43589744,16.48717949,12.58974359,0.752938552,2.753632542,4.073420424,0.262051274,0.522420468,0.643766076,1.008917362,0.097012758,0.217837453,0.077709109,0.591936469,0.01930365,-0.374099016
HS743,5,0,0.15,21.71268203,0.917769402,0.787351659,0.747317779,0.046691057,0.118757712,0.136071959,1.784855771,0.029139908,0.076475103,0.072580357,1.149882504,0.49805195,1.196801921,1.106266252,1.677142803,1.657256469,1.808831201,12.60278578,0.443881839,0.499082618,0.459128441,2.805032445,3.954935133,0.669220778,4.001834368,5.0612013,1.848311667,4.462288918,5.763766103,9.109896288,0.473887562,0.288269014,0.28818934,1.688681324,1.76284053,1.780573927,3.137967308,0.082230587,0.212648362,0.25268222,14.98051948,27.09090909,16.3961039,0.527677767,3.401759234,4.543298489,0.17116883,0.540116766,0.707066688,0.691882002,0.085029401,0.161629513,0.053188466,0.587127924,0.031840935,-0.425498411
HS744,15,0,0,12.80440275,0.93605608,0.794029135,0.779310152,0.037756526,0.114987684,0.122138847,1.080385032,0.020699074,0.069988352,0.070802913,0.607166937,0.544342095,1.16473685,1.73526318,1.854078975,1.86536847,2.77302625,7.636848506,0.481754951,0.515122349,0.493955289,2.977763075,4.064736834,0.717368413,4.142499996,5.799999971,2.027105301,4.843131514,6.837762989,5.167554642,0.454301154,0.278906786,0.285354855,1.609135829,1.657588138,1.743239525,1.879807471,0.063943904,0.205970865,0.22068986,15.53947368,21.02631579,13.875,0.597996054,3.548933895,4.981700351,0.173026313,0.639273719,0.763434543,1.035053492,0.105909698,0.255489916,0.075755149,0.604275465,0.030154549,-0.348785549
HS745,6,0,0.25,5.003770468,0.978109003,0.969960696,0.922571687,0.013518992,0.018750749,0.045710801,0.384533707,0.004126152,0.007384471,0.022419994,0.150262505,0.130312504,0.154656255,1.448656262,0.212749995,0.383062498,2.234187539,2.638435987,0.466092872,0.531620102,0.541003955,0.453406239,0.600562517,0.279437504,0.608062512,2.049218719,0.361874992,0.836468746,2.834750077,2.365334481,0.512016097,0.438340586,0.38156773,1.065654831,1.067718193,1.304643631,0.708729608,0.021891025,0.030039318,0.077428306,0,0.2625,3.4625,0.217770386,0.54975836,1.304779407,0.149124999,0.08002213,0.135994432,0.836420804,0.039412335,0.152230799,0.05023725,0.571681559,-0.010824915,-0.41945076
HS903,0,0,0.95,2.70778831,0.979829969,0.992896443,0.962286823,0.012776773,0.004644204,0.022087113,0.265788561,0.005385282,0.002328579,0.011867179,0.160054564,0.183924053,0.096075948,0.3113924,0.263291141,0.171772154,1.972481036,1.444361379,0.463208169,0.538848905,0.501486099,0.931772169,1.023544299,0.782911379,1.027848087,1.334936711,0.862278479,1.103544284,2.996025202,1.263426932,0.516621811,0.454047523,0.460800736,1.062704189,1.016201621,1.065200347,0.482085165,0.020170033,0.007103574,0.037713159,0,0,1.873417722,0.689717,0.983651584,1.414237736,0.598987355,0.109161585,0.063382303,0.674852774,0.165095761,0.296047539,-0.006657113,0.644875646,0.171752874,-0.348828107
HS904,1,0,0.95,0.763219281,0.988077232,0.994935882,0.985224183,0.007747077,0.003417498,0.009328822,0.079601581,0.003698122,0.002246109,0.005724413,0.044679386,0.135733332,0.095199999,0.15133333,0.199333332,0.1496,0.686159985,0.498968378,0.49714152,0.561240216,0.511847746,0.678533337,0.777866666,0.550000003,0.773733337,0.929200014,0.613600006,0.82813335,1.464026635,0.264250908,0.490935717,0.433695638,0.473376433,1.043119367,1.012815164,1.110846117,0.143447396,0.011922769,0.005064131,0.014775814,0,0,1.44,0.482716332,0.730092841,0.968481503,0.414266669,0.077832138,0.057356517,0.527619184,0.194589496,0.328831941,-0.016532755,0.623887479,0.21112225,-0.295055538
HS919,1,0,0.7,65.56792421,0.886470637,0.921715801,0.843549767,0.066040653,0.04818705,0.08767108,8.807750408,0.019963336,0.0183573,0.034037848,3.211594209,0.363846164,0.293205123,0.751730763,0.555000006,0.493974357,1.858846126,38.42000047,0.441071397,0.515788094,0.479961837,2.587820502,2.872692319,2.215769263,2.881025644,3.624423042,2.406923001,3.081794937,4.731538488,27.14792198,0.445399229,0.405927728,0.363587929,1.366830914,1.140648351,1.34139077,15.85515447,0.113529376,0.078284189,0.156450218,86.17948718,64.12820513,41.53846154,2.036128047,2.746067347,3.337932336,1.851923093,0.219956597,0.185125538,0.616508141,0.167747796,0.289428562,0.068375818,0.275403529,0.099371977,0.014025033
HS922,0,0,1,1.86702765,0.980011512,0.988769151,0.967534122,0.012767661,0.007450235,0.020457601,0.207160681,0.005540918,0.004369409,0.00951007,0.090740049,0.17820513,0.130833334,0.222019232,0.277307696,0.203076919,0.483743579,1.1097872,0.486897053,0.55096628,0.517498227,0.727948728,0.853717929,0.535384605,0.858782027,1.075737178,0.634487162,0.931025638,1.337461534,0.75724045,0.493114438,0.43780287,0.450035878,1.062110051,1.024317592,1.045100544,0.363741604,0.019988503,0.01123085,0.032465887,0,0,0.769230769,0.450986419,0.795588721,0.983630465,0.357179487,0.104093529,0.078872229,0.167612411,0.126810834,0.308654815,-0.014095565,0.670946956,0.140906399,-0.362292141
HS923,92,0,0.5,37.23593454,0.779481807,0.76266136,0.751231668,0.121131604,0.129780641,0.135339224,4.634787502,0.043337512,0.044999626,0.045268901,1.778736293,1.814999997,0.716060116,1.01161388,2.527193121,1.094822815,1.838607562,21.48872742,0.467801142,0.47340899,0.472920774,7.468100922,8.145474627,6.250253104,8.184161669,9.157088751,6.962446158,8.562923769,9.984082053,15.74720649,0.311680679,0.289252402,0.278310909,3.368437833,1.639157482,1.779909683,8.466597249,0.22051819,0.23733862,0.248768309,56.88607595,35.69620253,23.62658228,5.324424194,7.837935236,8.70431323,4.435253071,1.072515933,0.426511524,0.658104342,0.183136269,0.323867261,0.284928709,0.322538316,-0.10179244,0.001328945
HS924,0,0,0.65,41.91019729,0.835946693,0.899360688,0.84486491,0.092701743,0.058621945,0.086519119,4.602739262,0.030157056,0.020843974,0.028220449,1.381703197,0.688860768,0.618765799,0.954367105,0.952341768,0.970696181,1.532825986,23.29023395,0.462123082,0.536523807,0.503438605,2.126961974,2.707215188,1.611772121,2.745727901,3.661582391,1.875253146,3.097658194,4.240041081,18.61996337,0.37382361,0.362836882,0.341426292,1.770574986,1.271458626,1.382496416,8.191067454,0.164053308,0.100639302,0.155135115,28.17088608,19.60759494,29.71518987,1.273845154,2.440214217,3.18887375,0.922911372,0.378367008,0.359729041,0.576992402,0.152651086,0.278669953,0.134285659,0.257824928,0.018365428,0.020845026
HS927,10,0,0.9,0,0.985553546,0.994159123,0.984524975,0.009396911,0.003996319,0.010283002,0,0.004762705,0.002895123,0.005816667,0,0.153506496,0.095584418,0.146038954,0.225844163,0.145584419,0.270038969,0,0.504095817,0.586750574,0.550386091,0.72662336,0.822207804,0.583116898,0.822207804,0.968246745,0.65545455,0.872207782,1.09224674,0,0.481457743,0.407408576,0.434138883,1.049119884,1.015315345,1.024145032,0,0.014446441,0.005840863,0.015475022,0,0,0,0.507545919,0.778119303,0.905520359,0.429610398,0.089561996,0.056986483,0.098994282,0.189952344,0.321038067,-0.004068436,0.601618707,0.19402078,-0.28058064
HS931,5,0,0.6,5.449915654,0.971892976,0.964271776,0.927692085,0.017745978,0.021563454,0.042291394,0.309037279,0.008655492,0.013062759,0.024527076,0.21651373,0.277215184,2.298481083,0.838101283,0.383924053,2.549240529,1.290753138,3.285125373,0.471245744,0.521215513,0.560273512,0.861392377,3.120379723,0.655063281,3.159873357,3.958480938,0.761772139,3.410632808,4.411132822,2.16479024,0.500647252,0.443056273,0.367418563,1.087492305,1.278822724,1.376876102,0.499451455,0.028107011,0.035728227,0.072307912,0,2.962025316,3.949367089,0.518380282,2.109915862,3.516219227,0.377848106,0.151540019,1.100484961,0.512999184,0.163795769,0.290711999,0.000461285,0.634761095,0.163334484,-0.344049096
HS944,2,0,0.1,0,0.99590269,0.994334388,0.988553455,0.002664694,0.003757155,0.007273316,0,0.001749587,0.002326355,0.003893036,0,0.075499999,0.101500001,0.132874998,0.139500005,0.138999996,0.242375001,0,0.468997863,0.555026993,0.527509704,0.293500002,0.394624998,0.153999997,0.394999997,0.527499983,0.218000004,0.432499996,0.637000015,0,0.526904827,0.439307399,0.461043726,1.02184723,1.012154198,1.019874817,0,0.004097328,0.005665621,0.011446544,0,0,0,0.123473927,0.344753295,0.467126679,0.078499999,0.048135454,0.057601403,0.088038119,0.03105049,0.208761185,-0.008042872,0.585244417,0.039093362,-0.376483232
HS948,0,0,0.1,9.179193716,0.948204555,0.871908204,0.81097076,0.029687594,0.073443049,0.103891219,0.899244525,0.007371756,0.019188381,0.024295795,0.221607513,0.197088615,0.844936722,1.231772113,0.470253171,1.44481015,1.815639221,5.154167839,0.443325846,0.504444303,0.469936024,0.8041772,1.591519009,0.308607599,1.649113927,2.823291158,0.581772158,2.248987286,3.40715809,4.025025608,0.504878708,0.367463913,0.341034756,1.211679656,1.430018669,1.625212863,1.605616682,0.051795427,0.128091783,0.189029231,0,9.46835443,11.29113924,0.226837988,1.293585724,2.265835905,0.111518986,0.163196568,0.51953231,0.701389147,-0.014514425,0.140971705,0.099284582,0.227077231,-0.113799007,-0.086105525
HS950,1,0,0.3,22.88558705,0.895714782,0.857243549,0.816515238,0.059992009,0.082147099,0.101253653,2.509664817,0.013604417,0.016038638,0.020039227,0.531391413,0.641428549,0.454805196,0.829740242,1.150649301,0.758701289,1.557142902,12.65194201,0.473633625,0.476391127,0.454644624,1.641818161,2.074935034,0.841558439,2.096623325,2.904675338,1.35077919,2.400519552,3.632077935,10.23364556,0.42208115,0.380852398,0.361870631,1.720676637,1.246610354,1.417054998,4.491036003,0.104285227,0.142756467,0.183484742,0,27.74025974,20.5974026,0.524869334,1.880007286,2.538878255,0.200129868,0.408180676,0.282913071,0.552970591,0.075312704,0.256297976,0.119556814,0.184821233,-0.044244111,0.071476743
HS951,3,0,0.75,8.511877088,0.97099134,0.916086453,0.844581027,0.017649563,0.049929145,0.089278891,0.71110431,0.006645579,0.031634893,0.054153774,0.563379109,0.240999997,2.533281254,2.683937451,0.466500012,3.75631887,3.892562561,5.01920186,0.420222242,0.506044497,0.515850274,1.747374936,4.175750026,1.029499995,4.280656314,6.859687614,1.254999976,5.503693645,8.068312363,3.492675468,0.550769095,0.410041955,0.328730777,1.081439026,1.613457303,2.674033491,1.200622602,0.02900866,0.083913551,0.155418948,0,10.9375,5.8,0.927290237,3.000003451,5.440294228,0.788499996,0.16637416,1.396629088,1.696386496,0.23662895,0.379298747,0.082919821,0.629825532,0.153709128,-0.250526786
HS955,0,0,0,1.964940519,0.994499904,0.974362379,0.947189271,0.003340943,0.014411347,0.030186911,0.195151944,0.001091015,0.007290273,0.014122732,0.091488643,0.058101267,0.135949364,0.324746838,0.09063291,0.22065189,2.076291109,1.073903294,0.415772884,0.550585984,0.545068787,0.257848099,0.389145571,0.140000003,0.39379747,0.713892407,0.172531644,0.478499992,2.465436723,0.891037196,0.578727009,0.42377641,0.402120476,1.018780357,1.056539089,1.242663664,0.351515219,0.005500106,0.025637611,0.052810731,0,2.734177215,3.772151899,0.112685984,0.325705762,0.686561565,0.081898732,0.033036032,0.086616542,0.596594461,-0.013049489,0.194246486,-0.021381279,0.65600729,0.008331791,-0.461760804
HS957,18,0,0.65,8.555151897,0.950498858,0.91009411,0.89868218,0.030119556,0.051955343,0.058974034,1.063501878,0.014391294,0.029225153,0.035999272,0.638378521,0.343301275,0.451025641,0.799743576,0.681923081,0.792692313,1.502487153,5.453191024,0.474764831,0.501478523,0.496141711,1.355897459,1.789743602,0.667275635,1.806923075,2.589487156,1.005897443,2.148589754,3.292230826,3.101961273,0.475734013,0.408615586,0.402540483,1.162661638,1.204829167,1.303149466,1.867924391,0.049501159,0.089905889,0.101317814,0,9.307692308,7.666666667,0.522450028,1.60211929,2.252525569,0.323974356,0.239152603,0.294014361,0.534226355,0.115456425,0.262764484,0.040709004,0.637616277,0.074747421,-0.374851793
HS960,0,0,0.4,1.339140846,0.981279223,0.990121412,0.977354944,0.011819051,0.006690983,0.014225705,0.162031462,0.00455959,0.003221041,0.005540141,0.089480127,0.186410259,0.14455128,0.257788462,0.277814094,0.227057691,0.393076924,0.783049399,0.468438853,0.558709987,0.486442718,1.044743611,1.186506418,0.876923077,1.189294876,1.444294868,0.968326927,1.271801271,1.579583339,0.556091448,0.512840383,0.43141141,0.490912212,1.064617961,1.016241395,1.031683673,0.289064283,0.018720771,0.009878605,0.022645073,0,0.076923077,0.153846154,0.786059445,1.119403338,1.316423049,0.690512818,0.109756255,0.084525386,0.152791759,0.201661557,0.312427908,-0.009866674,0.576924324,0.211528231,-0.264496416
HS961,0,0,0.45,44.48076504,0.885189357,0.913902082,0.884778486,0.06597033,0.049553771,0.064995699,4.166558845,0.011800813,0.010087474,0.012906894,0.723877171,0.64189875,0.285949362,1.415648713,0.848987344,1.025379732,1.816914604,23.80733051,0.441217163,0.456554294,0.459448929,2.000126582,2.259541146,1.653164574,2.286076045,3.675189942,1.860253168,3.025506303,4.07645575,20.67343367,0.443972161,0.45734782,0.425329557,1.619776349,1.193262803,1.366698208,7.342020204,0.11481066,0.086097909,0.115221542,22.55696203,50.10126582,40.4556962,1.313333284,2.21768266,3.012629382,1.011265824,0.341384365,0.323640228,0.712914717,0.196074441,0.347570568,0.147639394,0.216616347,0.048435047,0.130954221
HS963,0,0,0.55,2.992895782,0.983719912,0.994282031,0.965825799,0.010545886,0.003790405,0.021233008,0.456097865,0.0044348,0.002161442,0.011321638,0.197195536,0.139749991,0.080499998,0.149000005,0.200999993,0.130249995,0.52386252,1.898180091,0.496771394,0.541090354,0.554636735,0.966000026,1.055749947,0.844000024,1.046499956,1.204750037,0.905250025,1.096250021,1.579612523,1.094715691,0.486948518,0.45319168,0.411189091,1.05988639,1.012751615,1.05173198,0.807104218,0.0162801,0.005717997,0.034174201,0,0,0,0.772918347,1.006127962,1.162630105,0.704250032,0.081151524,0.05004254,0.169118037,0.202143237,0.30364117,0.029245583,0.512311161,0.172897654,-0.20866999
HS974,0,0,0.95,1.208826771,0.975590989,0.987055034,0.973786178,0.015657464,0.008731666,0.017092673,0.088393562,0.005758898,0.00399399,0.006599267,0.031767524,0.186442309,0.126987182,0.168044876,0.29003847,0.180320516,0.432275634,0.613275439,0.496190637,0.569483326,0.561818764,1.032371798,1.15666667,0.832211527,1.159358975,1.324711529,0.935807714,1.21269227,1.588942305,0.595551371,0.479400316,0.417571662,0.411967403,1.079489205,1.024901554,1.034734083,0.150147577,0.024409009,0.012944993,0.026213819,0,0,1.923076923,0.744189054,1.094829179,1.264203142,0.645769215,0.111362898,0.072935273,0.147338899,0.220784023,0.362325728,0.093679115,0.519723713,0.127104908,-0.157397985
HS976,2,0,0.95,0.771700248,0.976709387,0.987118042,0.974230263,0.015014802,0.008355765,0.016671984,0.030885751,0.005068349,0.003361725,0.005166536,0.009727865,0.177179489,0.122820511,0.192948715,0.269487172,0.193076922,0.325038459,0.426052583,0.507413858,0.513787753,0.513019226,0.86461537,0.978846153,0.698717962,0.987435891,1.171794864,0.791025629,1.057692289,1.303884625,0.34564769,0.469295528,0.473330262,0.461210988,1.071704223,1.020066405,1.028702736,0.048812551,0.023290593,0.012881961,0.025769722,0,0,0,0.612062171,0.930465044,1.082454018,0.521538465,0.10244284,0.070716387,0.117086993,0.246476144,0.386652827,0.100186624,0.458457917,0.14628952,-0.07180509
HS984,0,0,0.1,3.954336499,0.970707146,0.95508245,0.899911435,0.018365572,0.029893707,0.060327386,0.354728311,0.006823183,0.013229144,0.023878724,0.136925271,0.175,0.231447369,0.492631572,0.319605274,0.411578953,0.973605261,2.431995941,0.461795586,0.595972313,0.531998387,0.624342115,0.839210523,0.33078948,0.855789474,1.331842096,0.475394734,1.03592102,1.812815817,1.522340591,0.508911565,0.359110154,0.367913059,1.097362669,1.095523715,1.165345258,0.598295044,0.029292851,0.044917547,0.100088569,0,0,3.144736842,0.253203301,0.750695861,1.128193482,0.155789474,0.113163503,0.151837442,0.337588127,0.039554808,0.197932467,-0.010661432,0.660400569,0.05021624,-0.462468103
HS985,52,0,0,22.90412213,0.963544102,0.873039029,0.772196825,0.023031682,0.075699082,0.124654851,2.737848826,0.008442721,0.049889231,0.059409938,1.15758294,0.184871794,0.632980746,0.756538451,0.335897437,0.973865373,1.205227539,14.42426939,0.492147419,0.579564044,0.492483595,0.856762823,1.470913511,0.456025637,1.489743629,2.227451988,0.607051283,1.830628167,2.676140959,8.479853086,0.471396654,0.293474999,0.279713251,1.130443254,1.301298187,1.558920892,4.813826121,0.036455913,0.126960989,0.227803154,0,2.557692308,22.47435897,0.373709741,1.180407562,1.864971242,0.271153847,0.119308184,0.367679925,0.475282474,0.078093223,0.225957125,0.057358153,0.678317547,0.02073507,-0.452360421
HS986,72,0,0,16.80177236,0.93436804,0.923605043,0.859566264,0.039757415,0.049080109,0.082182733,2.035399847,0.017413303,0.030807033,0.043724997,0.819274917,0.290000004,0.402499994,0.506718751,0.525,0.590000011,0.887125026,10.59356445,0.474707544,0.595768321,0.591111686,1.02437501,1.415000029,0.557500005,1.426875018,1.921718754,0.792500008,1.614375018,2.302124992,6.208207965,0.459660495,0.327836726,0.268454563,1.253558658,1.168742143,1.215102121,3.57322754,0.065631947,0.076394958,0.14043375,0,2.8125,19,0.425354226,1.235714108,1.68826694,0.267499994,0.186855188,0.227684228,0.326178418,0.073600166,0.211279869,0.051381856,0.676880002,0.022218309,-0.465600133
HS987,51,0,0,14.38110163,0.984054358,0.900149002,0.797480629,0.010128704,0.060351385,0.111260986,1.635346301,0.004170169,0.041974685,0.061540704,0.741887727,0.115974024,0.536428575,1.324691562,0.224545459,0.883029212,2.38924349,9.266750645,0.47339539,0.549683588,0.520002616,0.493636372,0.99928571,0.224025969,1.030064961,2.323977306,0.332597411,1.376665575,3.388529248,5.11435061,0.510658959,0.350465411,0.277477994,1.054188501,1.199706708,1.415968657,2.891626064,0.015945632,0.099850995,0.202519373,0,0,14.92207792,0.174220514,0.78274069,1.716927254,0.108051948,0.078063275,0.321012374,0.891916369,-0.001284396,0.131101742,0.042136922,0.588690996,-0.043421319,-0.457589254
HS994,50,0,0.35,8.65189876,0.962049018,0.961821382,0.8716253,0.023965966,0.024925253,0.073708382,0.82590393,0.008576612,0.0120768,0.034439229,0.328807809,0.200499998,0.241499997,0.484624983,0.346499999,0.395312496,0.943624984,5.778504646,0.487545063,0.573830986,0.510378543,0.678750012,0.910000011,0.397249998,0.920250002,1.39462503,0.543250002,1.074062499,1.853625068,2.873394409,0.474503942,0.387990376,0.361246757,1.123935485,1.079282376,1.199149595,1.373101194,0.037951001,0.038178601,0.128374714,0,0,3.45,0.304342187,0.807483659,1.180262327,0.196750001,0.127042263,0.147510393,0.328525072,0.025544202,0.173781902,0.028165892,0.649204552,-0.00262169,-0.475422651
HS995,106,0,0,42.69768792,0.838836067,0.912514019,0.835004536,0.090259737,0.054611962,0.095843846,4.78620619,0.049112047,0.033641371,0.05160226,2.054651019,0.63954546,0.3625974,0.460178576,1.030454536,0.531493496,0.820948043,25.1401112,0.473939351,0.556191296,0.555398326,1.662727308,2.020844195,1.014805187,2.025324702,2.48102272,1.405714286,2.194220729,2.841792224,17.55757847,0.364896743,0.35632272,0.279606231,1.691254322,1.178650714,1.271157237,8.601012168,0.161163913,0.087485979,0.164995449,2.688311688,45.6038961,43.51298701,0.698317791,1.84920272,2.267339338,0.37525974,0.387708402,0.209695202,0.304807184,0.072914802,0.202246562,0.074649572,0.598756254,-0.001734771,-0.396509692
HS996,147,0,0.25,46.13559938,0.845482994,0.914368402,0.838606183,0.087741447,0.054339684,0.095140838,6.203800532,0.037360509,0.032216192,0.046943031,2.282691684,0.586730774,0.356201917,0.444358989,0.891602561,0.537993613,0.759259603,27.85380131,0.485025705,0.562527048,0.572622253,1.705336525,2.049615291,1.154551326,2.061538369,2.493974227,1.459423056,2.24333024,2.808874992,18.28179966,0.360457312,0.351841386,0.265983928,1.667193177,1.218551941,1.251194217,11.19773395,0.154516984,0.085631571,0.161393791,0,55.3974359,51.48717949,0.865465546,1.886987011,2.286560823,0.5678205,0.337145928,0.20693738,0.286387088,0.093126096,0.214207321,0.076819859,0.592695177,0.016306236,-0.378487855
TEAK01,19,0,0.504854369,7.49865384,0.992598281,0.907314469,0.826310248,0.004840126,0.055167649,0.096725139,0.653329379,0.001804554,0.028170781,0.034029307,0.190495387,0.080000003,0.358717938,0.666282061,0.141025638,0.663384633,1.425358922,4.134639376,0.486199555,0.561879508,0.521931477,0.292051293,0.634102581,0.14282051,0.650769232,1.300384636,0.203846157,0.955435853,2.059461511,3.36401446,0.506398731,0.345434989,0.304378772,1.032446592,1.166117705,1.284414903,1.142371702,0.007401708,0.092685512,0.173689754,0,0,6.615384615,0.107101965,0.487680448,1.022986527,0.062820513,0.049460099,0.228592178,0.524514299,0.31007567,0.174100801,0.055510506,0.525869906,0.254565164,-0.351769105
TEAK02,0,0,1,5.076408009,0.998339251,0.879290482,0.887761735,0.001075366,0.069083557,0.065330058,0.171287501,0.000776124,0.032356678,0.024637015,0.091368058,0.038918918,0.7908108,1.648243239,0.073783782,1.553918944,2.887851465,2.734758412,0.462279027,0.521707652,0.510145821,0.177702709,0.799054036,0.060540542,0.968513538,2.447297234,0.095405409,1.731621617,3.686905415,2.341649694,0.536060207,0.357582842,0.377615925,1.006311262,1.275775816,1.567947597,0.274943231,0.001660739,0.120709509,0.112238262,0,2.837837838,3.594594595,0.042653083,0.633568584,1.734596324,0.021621621,0.026748929,0.564454877,1.116258403,0.155854091,-0.016680613,0.079119287,0.490271002,0.076734804,-0.506951615
TEAK03,7,0,0.521367521,5.00134144,0.972489921,0.968361695,0.876511,0.015616753,0.020179913,0.070600868,0.284811279,0.005086714,0.008886615,0.026395507,0.10293179,0.131518983,0.181392401,1.05386074,0.224936707,0.619151884,2.162974644,2.636797042,0.44475179,0.565202175,0.546167587,0.333924048,0.483386062,0.172278483,0.51531647,1.537246823,0.265696207,0.953075932,2.64636079,2.364544189,0.527738132,0.403159501,0.330343431,1.066509523,1.075441404,1.268268439,0.492329551,0.027510076,0.031638297,0.123488986,0,2.126582278,4.556962025,0.110291387,0.475266811,1.127418963,0.040759494,0.079608391,0.205428341,0.714671502,0.239044979,0.065159902,0.063464619,0.550044119,0.17558036,-0.484884217
TEAK04,6,0,0.85326087,6.662322926,0.993766661,0.910510893,0.863843736,0.004015244,0.052187704,0.078053577,0.486265331,0.001539377,0.026862475,0.041720573,0.215615097,0.062784811,1.009936728,4.718924061,0.122658228,1.771924046,6.253202464,4.182252413,0.462649588,0.562368336,0.547339485,0.525000016,1.488923999,0.114303798,1.534936665,6.207848104,0.174177217,2.29692407,7.742126507,2.480070534,0.531117078,0.348142574,0.316504252,1.022689029,1.356384413,2.954747603,0.84400622,0.006233334,0.089489097,0.136156266,0,4.936708861,6.392405063,0.086258538,1.079218181,3.624449427,0.051518987,0.044852708,0.686104917,2.496504182,0.252102554,0.114649668,0.0900665,0.425457031,0.162036054,-0.310807362
TEAK05,4,0,0.863945578,4.441375237,0.997255766,0.919793024,0.8656565,0.00179011,0.046914114,0.075482105,0.253140911,0.00076023,0.017653271,0.027102434,0.08279919,0.045897436,0.547820512,2.067820479,0.087692309,1.223717958,4.260102486,2.23780989,0.484111461,0.537069908,0.523039631,0.202692305,0.692243596,0.081794874,0.750512819,2.76006415,0.123589745,1.426410265,4.952346154,2.203565313,0.513144306,0.382723087,0.342616845,1.012432222,1.198038265,1.484388642,0.443240166,0.002744226,0.080206979,0.134343502,0,4.153846154,3.551282051,0.059396852,0.521477014,1.918292926,0.035897435,0.03234383,0.413030741,1.529020184,0.248029158,0.077623948,0.087063119,0.507876992,0.160966039,-0.430253044
TEAK06,17,0,0.635338346,14.68834624,0.942080988,0.842925423,0.804964395,0.034042666,0.088366111,0.107049555,1.2819158,0.013736346,0.037838733,0.041797659,0.477090402,0.263259492,0.631075956,0.880000004,0.644303806,0.952588597,1.635183562,8.486656213,0.483627559,0.535504108,0.494094187,1.131518988,1.738924034,0.375031654,1.762594964,2.618924084,0.756075941,2.084107613,3.374107584,6.201689968,0.458453399,0.307421309,0.310870237,1.256130095,1.349968118,1.493766673,2.248362718,0.057919032,0.157074596,0.195035585,0,18.07594937,13.75949367,0.273693911,1.464979333,2.227198691,0.111772154,0.214611631,0.373608584,0.595944538,0.283639342,0.15944466,0.064474389,0.507351339,0.219164953,-0.347906679
TEAK07,7,0,0.709302326,6.654462938,0.995350794,0.881999781,0.829929227,0.003001182,0.070003345,0.096365383,0.525082973,0.001115259,0.030573868,0.034885521,0.192182959,0.058961039,2.592662308,5.845649453,0.106363638,5.694818071,7.674428547,3.695048747,0.476786958,0.564188415,0.500021167,0.259545453,2.258636362,0.09779221,2.8522078,8.104285445,0.145194801,5.954363718,9.933064857,2.959414261,0.518563852,0.317811359,0.329908061,1.016987133,1.722030519,1.98591597,0.916965536,0.004649194,0.118000199,0.170070778,0,9.272727273,6.649350649,0.067843431,1.728812227,5.49637879,0.038831168,0.039396494,2.010088697,3.109120959,0.217814907,0.075387485,0.04150936,0.559904814,0.176305547,-0.484517328
TEAK08,16,0,0.5625,13.51677596,0.965057378,0.821959772,0.795884202,0.020578627,0.098950909,0.112351453,1.2003456,0.008620899,0.040853417,0.037474398,0.382081362,0.24805195,0.827110404,0.895454521,0.425649359,1.171701328,1.876019444,7.88436619,0.498284515,0.500685881,0.469936711,0.806461021,1.587792249,0.34922077,1.633571379,2.483246692,0.526818178,1.978162358,3.463811655,5.632409455,0.466772839,0.321273882,0.325947467,1.205310996,1.372659302,1.461499338,2.093613871,0.034942637,0.178040255,0.204115805,0,10.41558442,14.74025974,0.22932328,1.231066304,2.104976491,0.10116883,0.153622542,0.449386441,0.659024154,0.332425654,0.16407685,0.074603252,0.603895962,0.257822402,-0.439819112
TEAK09,4,0,0.836601307,2.16711576,0.9942032,0.984789552,0.92909188,0.003752262,0.010226604,0.042425039,0.179954647,0.001435078,0.004452347,0.016132946,0.055361753,0.064473685,0.122894739,0.33453948,0.11105263,0.211315787,0.789328959,1.258428272,0.474689972,0.59585438,0.573279408,0.226973684,0.340657889,0.108289475,0.349868422,0.675197384,0.154868418,0.438289478,1.129986856,0.908687419,0.519513228,0.388935192,0.355812472,1.025167697,1.029376345,1.113616043,0.306568491,0.00579679,0.015210443,0.070908131,0,0,0,0.07722397,0.292621679,0.541454527,0.043815789,0.043411502,0.077511577,0.261669366,0.323336661,0.173237458,0.02559163,0.623239875,0.29774503,-0.450002417
TEAK10,1,0,0.842105263,6.285861758,0.978352341,0.861269968,0.819212234,0.013598551,0.079188729,0.099887594,0.622542583,0.005074804,0.030251402,0.033896357,0.21143312,0.130759495,0.434936702,1.52841774,0.279367091,0.822424049,2.72059498,3.636499047,0.48654228,0.518639116,0.499583983,0.544683556,0.949936698,0.184683549,0.979620244,2.478354469,0.333291124,1.367107563,3.670531532,2.649362704,0.491810047,0.342630867,0.319628253,1.067095314,1.209864393,1.374555696,1.106543223,0.021647667,0.138730024,0.18078778,0,0,9.151898734,0.129405006,0.789064478,1.744246121,0.05392405,0.095684808,0.295548835,0.964824661,0.289788306,0.161847264,0.0873257,0.475842714,0.202462606,-0.313995451
TEAK13,7,0,0.693989071,8.899288409,0.95438149,0.872226561,0.830982497,0.026171374,0.070890428,0.094454503,0.724779874,0.009361516,0.027030929,0.031346657,0.229249937,0.162162167,0.734797281,0.861621604,0.475459467,1.0550338,2.048351395,5.008482621,0.451614134,0.530249614,0.509856978,0.967804053,1.663918917,0.244594586,1.702601327,2.525540594,0.557891901,2.022837831,3.712270294,3.890805518,0.50276736,0.341976922,0.321125505,1.166765352,1.374799596,1.610135713,1.276387375,0.045618515,0.127773452,0.169017514,0,9.351351351,6.675675676,0.193493949,1.343240341,2.17275805,0.082432431,0.15721401,0.410794209,0.66257439,0.32498014,0.178900883,0.067132108,0.558257997,0.257848032,-0.379357114
TEAK14,0,0,1,6.840597123,0.976390021,0.939190133,0.857342183,0.014916751,0.037850448,0.080146596,0.541665007,0.005206072,0.016924649,0.030779616,0.210454497,0.141392407,0.462658238,0.811487355,0.256329114,0.753639227,3.418253136,3.874679683,0.490324972,0.546577983,0.510790503,0.647531654,1.085696208,0.236455694,1.110189862,1.897183586,0.351392408,1.401170897,4.503949474,2.965917352,0.486065054,0.392612158,0.346551702,1.077436396,1.18337407,1.629872966,0.931554891,0.023609986,0.060809856,0.142657802,0,1.139240506,4.873417722,0.171745421,0.882870507,1.790938965,0.09506329,0.091597354,0.299402695,1.110480851,0.296928048,0.16371946,0.074330755,0.585250795,0.222597294,-0.421531335
Y1436,11,0,0.4,10.36062094,0.961368475,0.863763094,0.812078177,0.022676458,0.079032311,0.106072841,0.732396137,0.010729454,0.045413186,0.058823892,0.452622561,0.878461552,1.858301231,3.359647476,1.318647412,3.508410261,4.958096183,6.404345531,0.396035866,0.508009072,0.508176283,3.815096109,5.581153839,1.256794874,5.673397455,8.940801107,1.696980724,7.323506404,10.53925014,3.956275567,0.565332613,0.355754009,0.303901877,1.384257534,1.768863209,1.901090999,1.293225039,0.038631511,0.136236903,0.187921826,4.961538462,16.30769231,8.256410256,0.817574679,4.751345702,7.467376104,0.378333331,0.507977389,1.774052363,1.832016076,0.128641218,0.308119357,0.051946603,0.623035789,0.076694615,-0.314916432
Y1437,20,0,0.6,8.850706846,0.962613521,0.938380942,0.85971485,0.023218407,0.038338257,0.079162295,1.104828114,0.012531161,0.023330819,0.042432203,0.634014867,0.256118423,0.378980261,0.60726974,0.397717096,0.586973684,1.186128269,5.373857663,0.46367537,0.544896149,0.507727286,0.941250018,1.303404607,0.632434209,1.320230275,1.910674308,0.774032872,1.528223697,2.489532839,3.476849019,0.498938167,0.393484807,0.351987575,1.11938291,1.099047471,1.239168253,1.958504028,0.037386448,0.061619044,0.140285144,0,0,7.730263158,0.509745532,1.140837459,1.639314982,0.376315785,0.152565208,0.220968366,0.419775569,0.146575183,0.269249797,0.069338791,0.543715537,0.077236392,-0.27446574
HS906,0,1,0.4,19.80575211,0.890056899,0.890377709,0.847996384,0.063654954,0.064635818,0.086029787,2.393315237,0.022878295,0.024246839,0.029568687,0.863854284,0.632355752,0.602211557,0.832500022,0.957980785,0.907788446,1.541365369,11.30102556,0.476449803,0.53615938,0.501431289,1.769038503,2.340769181,1.144951889,2.371249983,3.173269235,1.470576942,2.676826954,3.882134667,8.504726337,0.413607091,0.354218351,0.346565095,1.59644683,1.379375673,1.567540219,4.328863178,0.109943104,0.109622278,0.152003619,16.92307692,11.84615385,17.63461538,0.835914966,2.089151254,2.799223583,0.512596148,0.372803489,0.346332793,0.550752832,0.066204369,0.224973768,0.02452296,0.476347297,0.041681409,-0.251373529
HS977,0,1,0.5,8.785985325,0.930957621,0.852094605,0.810881619,0.038721448,0.08551353,0.10334938,0.879286369,0.007883883,0.016980486,0.017140327,0.152347628,0.20778481,0.613481014,1.02053798,0.405126586,1.046012646,1.641803776,4.820991721,0.436076584,0.507470106,0.467744988,0.817721531,1.361930363,0.307025318,1.431202517,2.382468359,0.504367084,1.863734223,3.003734169,3.964993773,0.494881065,0.344624517,0.343136643,1.313013259,1.308722128,1.456706872,1.574774111,0.069042387,0.147905403,0.189118359,0,6.392405063,8.310126582,0.209565142,1.143662524,1.929496952,0.099240504,0.142104226,0.390855945,0.611320275,-0.031811666,0.145671189,0.117758229,0.141373113,-0.149569895,0.004298076
HS981,6,1,0.25,5.86602418,0.987813627,0.865675099,0.821021468,0.007557979,0.078759606,0.101035719,0.47971271,0.001796081,0.028401607,0.023393139,0.110175562,0.064430378,0.835822781,0.700632892,0.181518987,1.131582308,1.215278526,3.267986144,0.468742178,0.523947386,0.503973846,0.474430383,1.270253139,0.145063292,1.310253213,1.970886031,0.262151899,1.606012691,2.48553168,2.598038006,0.519071506,0.341727714,0.317047622,1.06830615,1.413229908,1.388866981,0.842836508,0.012186378,0.1343249,0.178978532,0,0.632911392,6.042194083,0.122345907,0.910612044,1.64363214,0.08063291,0.060683089,0.439072872,0.459212084,0.003841381,0.187845469,0.132336363,0.169558614,-0.128494982,0.018286854
HS983,48,0,0.5,61.81918422,0.806497861,0.855642282,0.805793346,0.105948388,0.082742552,0.107874903,5.498016756,0.015823314,0.014219572,0.018470589,0.866054785,0.490189871,0.43810126,0.973164563,0.716582279,0.75981011,1.858481007,32.38536388,0.422053328,0.477030714,0.478225118,2.928480951,3.335316456,2.498481029,3.366582339,4.30848109,2.724873537,3.6882912,5.193797377,29.43381708,0.384444533,0.378611575,0.327568214,2.061631571,1.368344977,1.788524282,9.807400293,0.193502141,0.144357715,0.19420665,94.79746835,53.64556962,33.34177215,2.24697461,3.16057223,3.877014227,2.008291163,0.312663043,0.275331414,0.64899854,0.148239747,0.228983566,0.206362963,0.269466192,-0.058123216,-0.040482625
HS416,0,2,0.45,44.91413664,0.817396013,0.849604286,0.803627093,0.101042451,0.087155631,0.107435515,6.42671235,0.04562878,0.040676012,0.045946032,2.749175461,1.156578895,0.463355266,0.628026342,1.599950699,0.713289481,1.032601954,26.4177492,0.452428569,0.489033312,0.455448541,3.293157811,3.731184323,2.531184196,3.756512968,4.35921046,2.974555828,4.006447469,4.763786131,18.49638778,0.364967423,0.360570977,0.348178494,2.167507338,1.353290363,1.408870796,11.71086298,0.182604005,0.150395684,0.196372936,67.88815789,47.47368421,30.03947368,1.972457781,3.53757143,4.068842744,1.374605303,0.626560634,0.275715787,0.383797389,0.166891515,0.348959833,0.131731004,0.188505784,0.035160512,0.16045405
HS448,0,2,0.1,5.137627779,0.973500035,0.924278545,0.879936224,0.016518418,0.046911366,0.068325518,0.525071605,0.004506587,0.017611757,0.022407881,0.152877956,0.119625002,0.577734374,1.054812519,0.251999994,1.126771867,1.571465584,2.89085579,0.459252561,0.579351093,0.493897142,0.55546874,1.095937529,0.233249997,1.133203129,2.150749916,0.365625001,1.682240646,2.667403083,2.246772005,0.514247455,0.344927408,0.386039065,1.086048451,1.2202673,1.407283536,0.924872207,0.026499978,0.075721481,0.120063788,0,1.5,5.5875,0.182881626,0.869653238,1.661224675,0.113625003,0.085795818,0.393462599,0.622413487,-0.051023692,0.154301882,0.088823497,0.151633203,-0.139847189,0.002668679
HS905,5,2,0.45,48.00331414,0.804332734,0.82797591,0.80490745,0.108151739,0.096573936,0.10817236,4.467070714,0.020017125,0.018326197,0.02046815,0.828886009,0.909038455,0.527051286,0.866233979,1.328974352,0.813525637,1.671089756,26.04925341,0.447787404,0.465380063,0.472888035,3.83333326,4.330865463,3.08743593,4.360384617,5.197099429,3.507371835,4.646859096,6.00195513,21.95406021,0.356545334,0.362595829,0.332019405,2.694087811,1.474282272,1.66904027,7.932583124,0.195667279,0.172024131,0.195092538,69.44230769,41.46153846,28.59615385,2.634290497,4.100827596,4.811374994,2.178397438,0.543909165,0.311262925,0.59127676,0.120621778,0.195919722,0.179821312,0.241677701,-0.059199534,-0.045757979
HS959,0,6,0.1,10.31517682,0.972011176,0.861650849,0.830542446,0.016581608,0.079457361,0.094228197,0.870583741,0.003907474,0.018927057,0.021764507,0.208522064,0.138441558,0.761704555,0.921688303,0.534928576,1.092224028,1.495535714,5.617048709,0.446424308,0.474066051,0.464822864,0.974155836,1.700129884,0.21558442,1.735860348,2.621818171,0.612071435,2.066379891,3.195665533,4.698128096,0.525586861,0.387584805,0.365719583,1.216663022,1.687610663,2.048547519,1.541965948,0.02798882,0.138349137,0.16945756,2.402597403,6.720779221,12.53246753,0.187901558,1.365453098,2.174678299,0.077142856,0.18062985,0.425604094,0.575455316,-0.002060988,0.177114308,0.11282438,0.195174307,-0.114885368,-0.018059999
HS068,0,3,0.75,32.40200657,0.824875463,0.838548047,0.816901441,0.097589568,0.09000906,0.099763975,3.621795861,0.041616419,0.036872156,0.03690733,1.380337759,0.658987358,0.711107577,1.38113923,1.115189844,1.212373421,2.25786706,18.03693851,0.466627394,0.475881525,0.460854304,2.256360812,2.912911435,1.430379754,2.967468351,4.294050558,1.886582225,3.468734237,5.170778474,14.36506711,0.35824807,0.362666513,0.356047123,1.915834303,1.346394136,1.474061887,6.484069863,0.175124552,0.161451963,0.183098563,35.55696203,25.63291139,20.08860759,1.113664979,2.638399292,3.649476785,0.771392377,0.438465114,0.446597563,0.831085247,0.083174296,0.202619746,0.071185395,0.133655041,0.011988901,0.068964705
HS280,27,4,0.2,4.399522131,0.981379979,0.966970466,0.909737448,0.011654914,0.021668271,0.052992513,0.498598936,0.005139885,0.015599159,0.031942333,0.199366858,0.122857143,0.22185064,0.531948067,0.194954546,0.379720787,1.088025974,2.375450131,0.466345278,0.568860281,0.522174776,0.480357153,0.686915602,0.301493513,0.702207793,1.218863619,0.373590919,0.860077945,1.774941562,2.024072,0.515034756,0.398110185,0.387562726,1.067823196,1.073059116,1.176973862,0.892685551,0.018620001,0.033029542,0.090262526,0,0,2.831168831,0.244179145,0.597961178,0.993969015,0.178636356,0.073119338,0.139421857,0.37863411,0.148919597,0.329565138,0.246586189,0.265986651,-0.097666591,0.063578486
HS912,1,4,0.7,10.45530591,0.876017632,0.880117952,0.861638487,0.072072708,0.066800411,0.077267135,1.259336279,0.022667956,0.020871619,0.021337037,0.379506977,0.951052624,0.403947368,0.484868426,1.432631611,0.605789459,0.809953928,5.882067454,0.479671706,0.526602548,0.491739551,2.15052631,2.536315778,1.314342154,2.554473747,3.021184121,1.795921031,2.756315669,3.346269785,4.573238476,0.39634593,0.353515391,0.369898936,2.011900776,1.38334594,1.350424572,2.268378531,0.123982372,0.119882049,0.138361517,13.61842105,11.27631579,6.828947368,0.862120395,2.357770992,2.798979565,0.363289466,0.52792004,0.243891145,0.300304004,0.066361986,0.222625896,0.027066702,0.454555422,0.039295284,-0.231929526
HS916,0,4,0.5,13.27462402,0.894685801,0.842220674,0.786793995,0.060695037,0.089157489,0.115655304,1.485562819,0.018917984,0.030007173,0.036601892,0.454708091,0.376538466,0.750544865,1.382564128,0.759230765,1.284948754,2.186128198,7.40514287,0.467576548,0.498716804,0.463577571,1.438044886,2.123076937,0.691025642,2.188589767,3.505641005,1.073717947,2.722993588,4.309205159,5.869480934,0.427109247,0.343503868,0.323216404,1.421887112,1.423920615,1.634292985,2.68691464,0.105314205,0.157779337,0.213206014,0,18.74358974,15.08974359,0.528785643,1.838406317,2.861889897,0.314487186,0.267107665,0.476247648,0.808142183,0.060356725,0.200044647,0.015217139,0.482600152,0.045139586,-0.282555506
HS363,6,12,0.4,8.182152426,0.985898992,0.928077742,0.920358759,0.009004214,0.040670864,0.046937045,0.530269138,0.003294791,0.017097539,0.021460788,0.22539959,0.103999998,0.45125001,1.786937468,0.210875001,0.747249976,3.293922017,4.587269506,0.491911865,0.534013547,0.570266505,0.598937511,1.036874965,0.26400001,1.050187515,2.823812444,0.370875004,1.34618753,4.330796888,3.59488335,0.493987141,0.394064173,0.350092236,1.057605232,1.173868756,1.723064306,0.917847269,0.014101006,0.071922274,0.079641225,0,3.375,8.1,0.21956542,0.847343561,1.984614779,0.159999995,0.073891709,0.281110566,1.207220816,0.086122178,0.274005204,0.004866126,0.561243653,0.081256051,-0.287238449
HS911,0,5,0.35,15.6621212,0.886709321,0.868853246,0.833402023,0.064646219,0.07529421,0.09289061,1.709437843,0.023782408,0.025166888,0.030065346,0.570712391,0.370312504,0.652624983,0.897000007,0.963562497,0.966250014,1.406812476,8.785902631,0.471460891,0.478425953,0.45412721,1.540750025,2.160374957,0.51343749,2.193374926,3.057375056,1.106687514,2.507000056,3.567187589,6.876218545,0.4152484,0.390427283,0.379274784,1.468107478,1.461050849,1.764623398,3.050378826,0.113290706,0.131146763,0.166597994,0,8.1875,13.8,0.380152785,1.877959999,2.62175445,0.143125001,0.324277151,0.378177885,0.527262602,0.071972139,0.225736395,0.084565289,0.306128263,-0.01259315,-0.080391869
HS971,3,5,0.6,12.54289364,0.858071942,0.815516394,0.786003196,0.080207787,0.102597239,0.116669593,1.146519596,0.014554907,0.01637691,0.019300367,0.184205474,1.386297501,0.971898759,1.535569618,2.267215209,1.465854379,2.369670881,6.680045499,0.466498264,0.458756797,0.45102855,3.17974686,4.093924068,1.678322794,4.151645532,5.629493804,2.559240569,4.645601396,6.463594808,5.862848206,0.391573682,0.356759589,0.334974671,3.046329633,1.971641239,2.464660675,2.035165298,0.141928062,0.184483609,0.213996789,17.11392405,19.76371306,12.15611817,1.052734905,3.667389636,4.855740719,0.292025321,0.820487687,0.565631832,0.904688241,0.014964251,0.183814228,0.145724609,0.202621639,-0.130760359,-0.018807411
HS336,0,6,0.2,9.358671207,0.973771687,0.911626781,0.848541485,0.015071493,0.053963273,0.08474289,0.773046806,0.006368351,0.028986849,0.038937629,0.267325854,0.088782053,0.503333332,0.705833321,0.320448714,0.814999984,1.31167314,5.152071124,0.437976475,0.533686461,0.489996169,0.567051294,1.034006423,0.163012821,1.070384615,1.739839661,0.394679485,1.382051289,2.345679479,4.206600052,0.535795212,0.377940327,0.35854534,1.142383773,1.221965686,1.299046085,1.359277368,0.026228332,0.088373187,0.15145851,0,3.358974359,4.576923077,0.145633011,0.835329443,1.45030189,0.074230769,0.107259483,0.305681208,0.497700635,0.001684745,0.196486145,0.09654586,0.148017704,-0.094861115,0.048468441
HS970,5,6,0.2,35.91020129,0.841450288,0.870264637,0.835348682,0.089440882,0.07567051,0.092104183,3.031514721,0.02001772,0.014622871,0.017419715,0.564295216,0.884038445,0.367564112,0.666410238,1.128782057,0.60916667,1.381384584,18.7581998,0.460031556,0.48167543,0.460293573,1.989358949,2.332371654,1.537948754,2.356923033,2.998782042,1.782692344,2.598525697,3.713756332,17.15200119,0.381418761,0.388589213,0.375055104,2.325373998,1.247371074,1.458301459,5.371850002,0.158549685,0.129735363,0.16465132,18.87820513,40.12179487,31.45512821,1.148094871,2.183245726,2.720632685,0.653910248,0.469198983,0.22792056,0.474365625,0.05351238,0.15751408,0.160413876,0.206663907,-0.106901497,-0.049149826
HS219,0,7,0.35,21.10847206,0.86623636,0.86138424,0.82307686,0.076786552,0.080868278,0.099486756,2.203149786,0.030837762,0.029997976,0.036866002,0.827859677,0.733474031,0.523814938,0.829999989,1.097866908,0.856298704,1.315961027,11.80925721,0.481552709,0.495177806,0.48097031,1.769610427,2.25993509,1.095681802,2.293425291,3.089935111,1.460074679,2.62590909,3.57589618,9.299214004,0.384683651,0.366206397,0.342106565,1.658167206,1.262807902,1.3762556,3.943477253,0.133763657,0.138615778,0.176923132,8.181818182,26.3961039,19.75974026,0.745221551,2.048554825,2.700704534,0.362207791,0.410787562,0.321261633,0.48922825,0.053655252,0.211053312,0.124744691,0.088636428,-0.071089439,0.122416884
HS453,0,7,0.65,9.047295595,0.984117547,0.912088741,0.87308353,0.009901649,0.050267825,0.071720495,0.903610327,0.004431143,0.029221464,0.041218078,0.354097773,0.105263157,0.525263127,2.288421082,0.219605262,0.871052643,6.116611845,4.738362959,0.424656766,0.559687486,0.552743102,0.687236816,1.187105259,0.271710527,1.212500061,3.475526308,0.386052632,1.558289459,7.303717375,4.308932637,0.559460802,0.352401255,0.320340467,1.068620114,1.19831286,1.832756996,1.650072763,0.015882454,0.087911251,0.12691646,0,4.736842105,8.907894737,0.230051348,0.972092296,2.658111346,0.16644736,0.07551963,0.343172959,2.102005278,0.051552072,0.250327796,0.110368647,0.338419467,-0.058816575,-0.088091671
HS909,0,8,0.6,82.18145559,0.877871875,0.954950285,0.893936497,0.071418673,0.029037344,0.061568643,11.7663819,0.023860746,0.014715312,0.023871011,4.500073533,0.379430387,0.253101258,0.540680383,0.545126585,0.429867097,1.188253163,47.71941569,0.450753652,0.536086647,0.508639757,2.561265831,2.79658237,2.257468456,2.814367116,3.337262649,2.423164464,2.991132896,3.984835395,34.46203338,0.427118179,0.418863582,0.385296762,1.424464078,1.111675689,1.21173839,21.48943411,0.12212815,0.045049731,0.106063491,102.7974684,82.78481013,62.77848101,2.068125111,2.693577398,3.120512787,1.878038014,0.22587155,0.158955843,0.406509054,0.167134538,0.322342247,0.059300803,0.366305798,0.107833736,-0.043963552
HS947,3,8,0.45,18.52663739,0.855221675,0.818940931,0.801134065,0.08236698,0.101156085,0.109697786,1.623572697,0.017198794,0.019945853,0.021048661,0.31221104,1.09405064,0.768575944,1.164620237,1.69164552,1.172075917,2.435626688,10.09098252,0.473596501,0.462399089,0.47698823,2.912310172,3.642183545,1.796519003,3.680886015,4.806803764,2.39411396,4.084386125,6.077810263,8.435655841,0.381625153,0.356541833,0.32414582,2.603864929,1.673323103,1.985453337,2.844670321,0.144778339,0.181059079,0.198865955,6.620253159,19.24472602,10.11814344,1.286337333,3.308805405,4.314180839,0.702468321,0.630036092,0.455357959,0.844260441,0.087077118,0.193500519,0.143562436,0.222721711,-0.056485318,-0.029221192
HS945,0,9,0.75,67.35019457,0.817207889,0.889688207,0.849258735,0.100125968,0.064305966,0.085283922,5.4752677,0.01814933,0.01446626,0.018720796,1.098460662,0.446202532,0.4856329,1.100063264,0.616202512,0.898987323,2.300569552,35.53719579,0.4124341,0.480365767,0.473844489,2.833797416,3.291550618,2.479746803,3.319430321,4.391613924,2.649746828,3.732784869,5.592120062,31.81299987,0.404773775,0.409322454,0.375414202,1.925019813,1.382616321,1.711205624,9.713096003,0.182792125,0.110311775,0.150741294,96.81012658,67.55696203,41.21518987,2.242818268,3.101499645,3.943654761,2.033544344,0.288469962,0.315225813,0.81066359,0.122255392,0.218161076,0.175624534,0.234086171,-0.053369142,-0.015925094
HS956,55,9,0,26.29411519,0.81044455,0.795016389,0.778215617,0.104801813,0.11399081,0.122028072,2.287808168,0.037326998,0.039716876,0.039887441,0.853543417,2.064240504,0.991803811,1.310094913,2.907373431,1.464860729,2.227531611,14.60268878,0.471315698,0.483578214,0.47505501,5.741328964,6.678797369,4.254683473,6.73313305,7.988892284,5.097816458,7.206190085,8.906329173,11.6914264,0.339128833,0.311438163,0.303160618,3.673577363,1.896152705,2.160847081,4.079302667,0.189555447,0.204983629,0.221784383,40.50632911,23.82278481,14.41139241,3.25507909,6.247046935,7.372987337,2.190442929,1.175742787,0.576483919,0.821346786,0.129494771,0.256176531,0.193120807,0.286094308,-0.063626036,-0.029917777
HS146,0,10,0.35,21.96774025,0.860936027,0.829399354,0.787281566,0.078458808,0.096376227,0.115318104,2.159215764,0.034072476,0.034809353,0.040678491,0.779160614,0.868333337,0.699775625,0.822211519,1.316153878,0.990474365,1.641025658,12.03353071,0.462476113,0.471490873,0.446884708,2.13586534,2.807788448,1.272692298,2.835640996,3.629999934,1.720512859,3.126339686,4.448813927,9.934209127,0.398459909,0.357908482,0.340396883,1.865174517,1.3420146,1.508768377,3.83995272,0.139063976,0.170600649,0.212718424,8.320512821,28.1025641,21.58974359,0.845824386,2.4862073,3.271421622,0.404358973,0.494303417,0.393020296,0.593007753,0.062401839,0.225784525,0.117401682,0.090703867,-0.054999843,0.135080658
HS949,0,12,0.25,5.954282405,0.928989969,0.863149799,0.854064807,0.039938981,0.078272921,0.08320641,0.447785393,0.006282937,0.011030693,0.014888775,0.093180638,0.122974678,0.322151903,1.662705669,0.381753164,0.535126595,3.172806922,3.224078894,0.43953521,0.466292731,0.489176126,0.704050623,1.008354457,0.196518991,1.026202547,2.671060057,0.45529746,1.239177179,4.181161601,2.730203278,0.489454721,0.396857076,0.364888689,1.200341492,1.190221566,1.481470936,0.779894891,0.071010058,0.136850203,0.145935194,0,0,4.259493671,0.163169581,0.877318966,1.881762552,0.073544302,0.121876428,0.208141462,1.13013183,-0.009226484,0.156102628,0.107173018,0.257174164,-0.116399502,-0.101071537
HS915,8,13,0.2,27.68032151,0.84949315,0.832267766,0.803917232,0.084984151,0.095076605,0.107488379,2.729425322,0.037155048,0.038721287,0.042183511,0.986184541,0.950519494,0.675844163,1.475487054,1.296883142,1.237071403,2.336344076,15.46490258,0.478529313,0.487116687,0.471562483,2.003376578,2.632467527,1.342597399,2.679220729,4.107954598,1.688961038,3.24044797,4.968811828,12.215419,0.370963837,0.345151094,0.332354755,1.860778274,1.358060035,1.641492234,4.832665685,0.150506849,0.16773223,0.196082759,0,34.64935065,23.81818182,0.87629843,2.378789858,3.417139152,0.392077918,0.499352118,0.442833831,0.867549649,0.108097307,0.251419753,0.109243445,0.251408517,-0.001146138,1.12E-05
HS936,27,16,0.25,32.31579712,0.822989889,0.845914164,0.803833424,0.098594781,0.08799619,0.107943327,3.052870362,0.040431251,0.033360063,0.040914881,1.077585646,1.114567904,0.67895062,1.004166682,1.692425891,1.056481471,2.317376503,17.61628452,0.474597614,0.50116479,0.489632827,2.801296346,3.44364186,1.814814865,3.480246838,4.447808725,2.392672804,3.857777781,5.761018624,14.69951324,0.34839226,0.344749379,0.314200607,2.201936258,1.372159472,1.703247557,5.437288426,0.177010131,0.154085839,0.196166574,25.58024691,24.34567901,21.88888889,1.2567639,3.157961098,4.063911049,0.700246914,0.654365691,0.403675027,0.809705816,0.108057514,0.232478157,0.152161941,0.237917304,-0.044104427,-0.005439147
HS921,0,25,0.45,40.92343883,0.821089112,0.853100162,0.811049348,0.100443607,0.085172811,0.105253904,4.830306383,0.038207239,0.033545725,0.039815806,1.717397572,0.835833328,0.522996788,0.802307703,1.240192303,0.811057683,1.524749962,23.3038622,0.477156775,0.51619275,0.49510285,2.393878267,2.89455128,1.639423121,2.916874971,3.696858929,2.043782014,3.204935859,4.419301369,17.61957687,0.343932319,0.33690738,0.315946478,1.89412248,1.283275685,1.416339633,8.679125761,0.178910881,0.146899857,0.188950663,13.89102564,45.53205128,33.26923077,1.239526227,2.666061334,3.336877902,0.80358976,0.485855056,0.313050097,0.531166581,0.094250977,0.231839612,0.167754501,0.200945541,-0.073503524,0.030894071
HS926,0,28,0.15,18.12454031,0.94456336,0.81863951,0.801392334,0.032015713,0.100797737,0.109502876,1.441265997,0.007234972,0.020788823,0.022508416,0.299742348,0.391500005,0.92274999,1.578875023,1.458249971,1.464125036,2.347125001,9.598216808,0.449765715,0.461241865,0.455262267,2.139000098,3.010749999,0.491999997,3.061749965,4.589624989,1.558750009,3.603124961,5.357874918,8.52632314,0.494797644,0.357397645,0.346130061,1.960942817,1.903121838,2.171989307,2.56295954,0.055436647,0.181360496,0.198607671,9.3875,21.5625,14.475,0.443986588,2.614576316,3.800759321,0.100500001,0.518481502,0.564179447,0.906558295,-0.003903643,0.176578656,0.101162679,0.218073025,-0.105066323,-0.04149437
HS726,0,101,0.85,51.7998888,0.813922437,0.815192616,0.815209607,0.101816695,0.103161551,0.10301643,6.547695572,0.026712526,0.025845073,0.024101043,1.959444443,1.558148113,0.633827158,0.851666665,2.219753109,0.985938296,1.444243873,30.08774312,0.442281438,0.467143397,0.471527883,7.832284292,8.43135789,6.716420068,8.466110771,9.283024882,7.378024525,8.818222258,9.875601922,21.71214568,0.371641035,0.348049237,0.343681724,5.128410434,1.649697351,1.77179265,11.72480108,0.186077551,0.184807361,0.184790393,73.80246914,53.43209877,33.87037037,5.950697652,8.159121184,8.892292953,5.158271601,0.903000191,0.380650705,0.532071395,0.137635291,0.244345918,0.042131484,0.453586966,0.095503807,-0.209241048
